Workbook
Name T: Loads!$C$63
Name TA: Loads!$C$49
Name TB: Loads!$C$50
Name TC: Loads!$C$51
Name TD: Loads!$C$52

Sheet Loads
B2: General Building Geometry
B3: Building Width | C3: 21 | D3: m
B4: Building Depth | C4: 24 | D4: m
B5: Beam Trib width | C5: 1.5 | D5: m | E5: <-- tributary width for beam UDL for gravity loads
B6: Frame Trib width | C6: 3 | D6: m | E6: <-- tributary width for gravity loads
B7: Lateral Trib width | C7: 6 | D7: m | E7: <-- tributary width for seismic mass / lateral loads
B8: No. Storeys | C8: =COUNT(C24:C32) -> 3
B10: g | C10: =9.81 -> 9.81 | D10: m/s²
B12: Partial Safety Factors and Combination Factors
C13: G | D13: Q | E13: W | F13: S | G13: I
B14: γ | C14: 1.35 | D14: 1.5 | E14: 1.5 | F14: 1.5
B15: ψ0 | D15: 0.7 | E15: 0.6 | F15: 0.5
B16: ψ1 | D16: 0.5 | E16: 0.2 | F16: 0.2
B17: ψ2 | D17: 0.3 | E17: 0 | F17: 0
B18: φ | D18: 1
B19: ψE | D19: =D18*D17 -> 0.3
B21: Floor Loads | S21: Snow Loads --> EC1-3:2010
I22: Floor Loads [kPa] | N22: Beam UDLs [kN/m]
B23: Storey | C23: G [kPa] | D23: Q [kPa] | E23: S [kPa] | F23: hi [m] | G23: Hi [m] | I23: LC1 - GQWSI | J23: LC2 - GQWSI | K23: LC3 - GQWSI | L23: LC4 - GQEI | N23: GQWSI | O23: GWQSI | P23: GSQWI | Q23: GQEI | S23: Ground snow load | T23: sk | U23: 0.85 | V23: kPa
B24: 1 | C24: 7.5 | D24: 3 | E24: =IF(C24<>"", IF(G24=MAX($G$24:$G$32), $U$29, 0), "") -> 0 | F24: 3.5 | G24: =IF(C24<>"", SUM($F$24:F24), "") -> 3.5 | I24: =IF(C24<>"", $C$14*C24+$D$14*D24+$F$14*$F$15*E24, "") -> 14.625 | J24: =IF(C24<>"", $C$14*C24 + $D$14*$D$15*D24 + $F$14*$F$15*E24, "") -> 13.275 | K24: =IF(C24<>"", $C$14*C24 + $D$14*$D$15*D24 + $F$14*E24, "") -> 13.275 | L24: =IF(C24<>"", C24+$D$19*D24, "") -> 8.4 | N24: =IF(C24<>"", I24*$C$5, "") -> 21.9375 | O24: =IF(C24<>"", J24*$C$5, "") -> 19.9125 | P24: =IF(C24<>"", K24*$C$5, "") -> 19.9125 | Q24: =IF(C24<>"", L24*$C$5, "") -> 12.6 | S24: Roof slope | T24: α | U24: 4 | V24: °
B25: 2 | C25: 7.5 | D25: 3 | E25: =IF(C25<>"", IF(G25=MAX($G$24:$G$32), $U$29, 0), "") -> 0 | F25: 3.5 | G25: =IF(C25<>"", SUM($F$24:F25), "") -> 7 | I25: =IF(C25<>"", $C$14*C25+$D$14*D25+$F$14*$F$15*E25, "") -> 14.625 | J25: =IF(C25<>"", $C$14*C25 + $D$14*$D$15*D25 + $F$14*$F$15*E25, "") -> 13.275 | K25: =IF(C25<>"", $C$14*C25 + $D$14*$D$15*D25 + $F$14*E25, "") -> 13.275 | L25: =IF(C25<>"", C25+$D$19*D25, "") -> 8.4 | N25: =IF(C25<>"", I25*$C$5, "") -> 21.9375 | O25: =IF(C25<>"", J25*$C$5, "") -> 19.9125 | P25: =IF(C25<>"", K25*$C$5, "") -> 19.9125 | Q25: =IF(C25<>"", L25*$C$5, "") -> 12.6 | T25: Ce | U25: 1
B26: 3 | C26: 7.5 | D26: 0 | E26: =IF(C26<>"", IF(G26=MAX($G$24:$G$32), $U$29, 0), "") -> 0.68 | F26: 3.5 | G26: =IF(C26<>"", SUM($F$24:F26), "") -> 10.5 | I26: =IF(C26<>"", $C$14*C26+$D$14*D26+$F$14*$F$15*E26, "") -> 10.635 | J26: =IF(C26<>"", $C$14*C26 + $D$14*$D$15*D26 + $F$14*$F$15*E26, "") -> 10.635 | K26: =IF(C26<>"", $C$14*C26 + $D$14*$D$15*D26 + $F$14*E26, "") -> 11.145 | L26: =IF(C26<>"", C26+$D$19*D26, "") -> 7.5 | N26: =IF(C26<>"", I26*$C$5, "") -> 15.9525 | O26: =IF(C26<>"", J26*$C$5, "") -> 15.9525 | P26: =IF(C26<>"", K26*$C$5, "") -> 16.7175 | Q26: =IF(C26<>"", L26*$C$5, "") -> 11.25 | T26: Ct | U26: 1
B27: 4 | E27: =IF(C27<>"", IF(G27=MAX($G$24:$G$32), $U$29, 0), "") | G27: =IF(C27<>"", SUM($F$24:F27), "") | I27: =IF(C27<>"", $C$14*C27+$D$14*D27+$F$14*$F$15*E27, "") | J27: =IF(C27<>"", $C$14*C27 + $D$14*$D$15*D27 + $F$14*$F$15*E27, "") | K27: =IF(C27<>"", $C$14*C27 + $D$14*$D$15*D27 + $F$14*E27, "") | L27: =IF(C27<>"", C27+$D$19*D27, "") | N27: =IF(C27<>"", I27*$C$5, "") | O27: =IF(C27<>"", J27*$C$5, "") | P27: =IF(C27<>"", K27*$C$5, "") | Q27: =IF(C27<>"", L27*$C$5, "")
B28: 5 | E28: =IF(C28<>"", IF(G28=MAX($G$24:$G$32), $U$29, 0), "") | G28: =IF(C28<>"", SUM($F$24:F28), "") | I28: =IF(C28<>"", $C$14*C28+$D$14*D28+$F$14*$F$15*E28, "") | J28: =IF(C28<>"", $C$14*C28 + $D$14*$D$15*D28 + $F$14*$F$15*E28, "") | K28: =IF(C28<>"", $C$14*C28 + $D$14*$D$15*D28 + $F$14*E28, "") | L28: =IF(C28<>"", C28+$D$19*D28, "") | N28: =IF(C28<>"", I28*$C$5, "") | O28: =IF(C28<>"", J28*$C$5, "") | P28: =IF(C28<>"", K28*$C$5, "") | Q28: =IF(C28<>"", L28*$C$5, "") | S28: Shape factor | T28: μ1 | U28: =IF(U24<30, 0.8, IF(U24<60, 0.8*(60-U24)/30, 0)) -> 0.8 | V28: kPa
B29: 6 | E29: =IF(C29<>"", IF(G29=MAX($G$24:$G$32), $U$29, 0), "") | G29: =IF(C29<>"", SUM($F$24:F29), "") | I29: =IF(C29<>"", $C$14*C29+$D$14*D29+$F$14*$F$15*E29, "") | J29: =IF(C29<>"", $C$14*C29 + $D$14*$D$15*D29 + $F$14*$F$15*E29, "") | K29: =IF(C29<>"", $C$14*C29 + $D$14*$D$15*D29 + $F$14*E29, "") | L29: =IF(C29<>"", C29+$D$19*D29, "") | N29: =IF(C29<>"", I29*$C$5, "") | O29: =IF(C29<>"", J29*$C$5, "") | P29: =IF(C29<>"", K29*$C$5, "") | Q29: =IF(C29<>"", L29*$C$5, "") | S29: Roof snow load | T29: s | U29: =U28*U25*U26*U23 -> 0.68 | V29: kPa
B30: 7 | E30: =IF(C30<>"", IF(G30=MAX($G$24:$G$32), $U$29, 0), "") | G30: =IF(C30<>"", SUM($F$24:F30), "") | I30: =IF(C30<>"", $C$14*C30+$D$14*D30+$F$14*$F$15*E30, "") | J30: =IF(C30<>"", $C$14*C30 + $D$14*$D$15*D30 + $F$14*$F$15*E30, "") | K30: =IF(C30<>"", $C$14*C30 + $D$14*$D$15*D30 + $F$14*E30, "") | L30: =IF(C30<>"", C30+$D$19*D30, "") | N30: =IF(C30<>"", I30*$C$5, "") | O30: =IF(C30<>"", J30*$C$5, "") | P30: =IF(C30<>"", K30*$C$5, "") | Q30: =IF(C30<>"", L30*$C$5, "")
B31: 8 | E31: =IF(C31<>"", IF(G31=MAX($G$24:$G$32), $U$29, 0), "") | G31: =IF(C31<>"", SUM($F$24:F31), "") | I31: =IF(C31<>"", $C$14*C31+$D$14*D31+$F$14*$F$15*E31, "") | J31: =IF(C31<>"", $C$14*C31 + $D$14*$D$15*D31 + $F$14*$F$15*E31, "") | K31: =IF(C31<>"", $C$14*C31 + $D$14*$D$15*D31 + $F$14*E31, "") | L31: =IF(C31<>"", C31+$D$19*D31, "") | N31: =IF(C31<>"", I31*$C$5, "") | O31: =IF(C31<>"", J31*$C$5, "") | P31: =IF(C31<>"", K31*$C$5, "") | Q31: =IF(C31<>"", L31*$C$5, "")
B32: 9 | E32: =IF(C32<>"", IF(G32=MAX($G$24:$G$32), $U$29, 0), "") | G32: =IF(C32<>"", SUM($F$24:F32), "") | I32: =IF(C32<>"", $C$14*C32+$D$14*D32+$F$14*$F$15*E32, "") | J32: =IF(C32<>"", $C$14*C32 + $D$14*$D$15*D32 + $F$14*$F$15*E32, "") | K32: =IF(C32<>"", $C$14*C32 + $D$14*$D$15*D32 + $F$14*E32, "") | L32: =IF(C32<>"", C32+$D$19*D32, "") | N32: =IF(C32<>"", I32*$C$5, "") | O32: =IF(C32<>"", J32*$C$5, "") | P32: =IF(C32<>"", K32*$C$5, "") | Q32: =IF(C32<>"", L32*$C$5, "")
B36: Seismic Loads --> EC8-1-1:2022 | L36: Wind Loads --> EC1-4:2010
B37: S_alpha_475 | C37: 0 | D37: g | L37: ρ | M37: 1.25 | N37: kg/m³ | Q37: k_r | R37: =0.19*(M44/0.05)^0.07 -> 0.23432882
B38: S_beta_475 | C38: =0.3*C37 -> 0 | D38: g | L38: Windzone | M38: 2 | Q38: v_b | R38: =M39*M41*M42 -> 25 | S38: m/s
B39: Soil Class | C39: C | E39: Storey | F39: W_i [kN] | G39: m_i [t] | I39: mi * Hi | J39: F_i [kN] | L39: v_b0 | M39: 25 | N39: m/s | Q39: h | R39: =SUM(F24:F32) -> 10.5 | S39: m | T39: <-- check this is the correct height
B40: FT | C40: 1 | E40: 1 | F40: =IF(C24<>"", L24*$C$3*$C$7, "") -> 1058.4 | G40: =IF(C24<>"", F40/$C$10, "") -> 107.88991 | I40: =IF(C24<>"", G40*G24, "") -> 377.61468 | J40: =IF(C24<>"", $C$70 * I40/$I$49, "") -> 0 | L40: q_b0 | M40: 0.39 | N40: m/s | Q40: d | R40: =C3 -> 21 | S40: m
B41: F_alpha | C41: =1.6*(1-0.2*C37) -> 1.6 | E41: 2 | F41: =IF(C25<>"", L25*$C$3*$C$7, "") -> 1058.4 | G41: =IF(C25<>"", F41/$C$10, "") -> 107.88991 | I41: =IF(C25<>"", G41*G25, "") -> 755.22936 | J41: =IF(C25<>"", $C$70 * I41/$I$49, "") -> 0 | L41: c_dir | M41: 1 | Q41: b | R41: =C4 -> 24 | S41: m
B42: F_beta | C42: =2.3*(1-0.3*C38) -> 2.3 | E42: 3 | F42: =IF(C26<>"", L26*$C$3*$C$7, "") -> 945 | G42: =IF(C26<>"", F42/$C$10, "") -> 96.330275 | I42: =IF(C26<>"", G42*G26, "") -> 1011.4679 | J42: =IF(C26<>"", $C$70 * I42/$I$49, "") -> 0 | L42: c_season | M42: 1 | Q42: h/d | R42: =R39/R40 -> 0.5
E43: 4 | F43: =IF(C27<>"", L27*$C$3*$C$7, "") | G43: =IF(C27<>"", F43/$C$10, "") | I43: =IF(C27<>"", G43*G27, "") | J43: =IF(C27<>"", $C$70 * I43/$I$49, "") | L43: Terrain Cat. | M43: 2 | Q43: d/b | R43: =R40/R41 -> 0.875
B44: Sα | C44: =C40*C41*C37 -> 0 | E44: 5 | F44: =IF(C28<>"", L28*$C$3*$C$7, "") | G44: =IF(C28<>"", F44/$C$10, "") | I44: =IF(C28<>"", G44*G28, "") | J44: =IF(C28<>"", $C$70 * I44/$I$49, "") | L44: z_0 | M44: 1 | N44: m | Q44: h/b | R44: =R39/R41 -> 0.4375
B45: Sϐ | C45: =C40*C42*C38 -> 0 | E45: 6 | F45: =IF(C29<>"", L29*$C$3*$C$7, "") | G45: =IF(C29<>"", F45/$C$10, "") | I45: =IF(C29<>"", G45*G29, "") | J45: =IF(C29<>"", $C$70 * I45/$I$49, "") | L45: z_min | M45: 10 | N45: m | Q45: c_pe_wind | R45: =IF(R42>=1, 0.8, IF(AND(R42<1, R42>0.25), 0.8-0.1333*R42, 0.7)) -> 0.73335
E46: 7 | F46: =IF(C30<>"", L30*$C$3*$C$7, "") | G46: =IF(C30<>"", F46/$C$10, "") | I46: =IF(C30<>"", G46*G30, "") | J46: =IF(C30<>"", $C$70 * I46/$I$49, "") | L46: alpha | M46: =0.67+0.05*LN(M44) -> 0.67 | Q46: c_pe_lee | R46: =IF(R42>5, -0.7, IF(AND(R42>1, R42<=5), -0.7+0.05*(5-R42), IF(AND(R42>0.25, R42<=1), -0.5+0.2667*(1-R42), -0.3))) -> -0.36665
B47: F_A | C47: 2.5 | E47: 8 | F47: =IF(C31<>"", L31*$C$3*$C$7, "") | G47: =IF(C31<>"", F47/$C$10, "") | I47: =IF(C31<>"", G47*G31, "") | J47: =IF(C31<>"", $C$70 * I47/$I$49, "") | L47: Topography | M47: Flat | Q47: zs | R47: =MAX(0.6*R39, M45) -> 10 | S47: m
B48: χ | C48: 4 | E48: 9 | F48: =IF(C32<>"", L32*$C$3*$C$7, "") | G48: =IF(C32<>"", F48/$C$10, "") | I48: =IF(C32<>"", G48*G32, "") | J48: =IF(C32<>"", $C$70 * I48/$I$49, "") | L48: c_0 | M48: 1 | Q48: L(z) | R48: =IF(R47>M45,300*(R47/200)^M46, 300*(M45/200)^M46) -> 40.311704
B49: T_A | C49: 0.02 | E49: Σ | F49: =SUM(F40:F48) -> 3061.8 | G49: =SUM(G40:G48) -> 312.11009 | I49: =SUM(I40:I48) -> 2144.3119 | J49: =SUM(J40:J48) -> 0 | L49: k_I | M49: 1 | Q49: c_r(zs) | R49: =IF(R47<=$M$45, $R$37*LN($M$45/$M$44), $R$37*LN(R47/$M$44)) -> 0.53956204
B50: T_B | C50: =IF((C51/C48) < 0.05, C51/C48, IF((C51/C48) < 0.01, 0.05, 0.1)) -> 0 | Q50: vm(zs) | R50: =R49*$M$48*$R$38 -> 13.489051 | S50: m/s
B51: T_C | C51: =IF(C37=0, 0, C45/C44 * C53) -> 0 | E51: --> Period Check: ec8-1-2:2023 §5.3.3(3) | M51: LC1 | N51: LC2 | O51: LC3 | Q51: B² | R51: =1 / (1+3/2*SQRT((C4/R48)^2 + (R39/R48)^2 + (C4*R39/R48^2)^2)) -> 0.49946609
B52: T_D | C52: =IF(C38*C10 <= 1, 2, 1+C38) -> 2 | E52: Storey | F52: m_i [t] | G52: si [m] | H52: mi * si | I52: mi * si² | L52: cscd | M52: =IF($R$39<15, 1, (1+2*M54*$R$59*SQRT($R$51+M56))/(1+7*$R$59)) -> 1 | N52: =IF($R$39<15, 1, (1+2*N54*$R$59*SQRT($R$51+N56))/(1+7*$R$59)) -> 1 | O52: =IF($R$39<15, 1, (1+2*O54*$R$59*SQRT($R$51+O56))/(1+7*$R$59)) -> 1 | Q52: δs | R52: 0.05
B53: T_β | C53: 1 | E53: 1 | F53: =IF(C24<>"", G40, "") -> 107.88991 | H53: =IF(C24<>"", F53*G53, "") -> 0 | I53: =IF(C24<>"", F53*G53^2, "") -> 0 | Q53: cf | R53: =R54*R57*R58 -> 1.4877073
B54: eta | C54: 1 | E54: 2 | F54: =G41 -> 107.88991 | H54: =IF(C25<>"", F54*G54, "") -> 0 | I54: =IF(C25<>"", F54*G54^2, "") -> 0 | L54: kp | M54: =MAX(3, SQRT(2*LN(M55*600))+0.6/(SQRT(2*LN(M55*600)))) -> #DIV/0! | N54: =MAX(3, SQRT(2*LN(N55*600))+0.6/(SQRT(2*LN(N55*600)))) -> #DIV/0! | O54: =MAX(3, SQRT(2*LN(O55*600))+0.6/(SQRT(2*LN(O55*600)))) -> #DIV/0! | Q54: cf,0 | R54: =IF(R43<=0.2, 2, IF(R43<=0.7, 0.3193*LN(R43)+2.5139, IF(R43<=5, -0.7121*LN(R43)+2.146, IF(R43<=10, -0.1443*LN(R43)+1.2322, 0.9)))) -> 2.2410877
B55: q_max | C55: 4 | E55: 3 | F55: =G42 -> 96.330275 | H55: =IF(C26<>"", F55*G55, "") -> 0 | I55: =IF(C26<>"", F55*G55^2, "") -> 0 | L55: ν [Hz] | M55: =MAX(M67*SQRT(M56/($R$51+M56)), 0.08) -> #DIV/0! | N55: =MAX(N67*SQRT(N56/($R$51+N56)), 0.08) -> #DIV/0! | O55: =MAX(O67*SQRT(O56/($R$51+O56)), 0.08) -> #DIV/0! | Q55: l/b | R55: =MAX(R39,R41)/MIN(R39,R41) -> 2.2857143
B56: q_d | C56: 1.92 | E56: 4 | F56: =IF(C27<>"", G43, "") | H56: =IF(C27<>"", F56*G56, "") | I56: =IF(C27<>"", F56*G56^2, "") | L56: R² | M56: =PI()^2/(2*M64)*M57*M59 -> #DIV/0! | N56: =PI()^2/(2*N64)*N57*N59 -> #DIV/0! | O56: =PI()^2/(2*O64)*O57*O59 -> #DIV/0! | Q56: λ | R56: =IF(R39>=50, 1.4*R55, IF(R39<15, 2*R55, (2 - 3/175*(R39-15))*R55)) -> 4.5714286
B57: q_R | C57: 1.1 | E57: 5 | F57: =G44 | H57: =IF(C28<>"", F57*G57, "") | I57: =IF(C28<>"", F57*G57^2, "") | L57: SL | M57: =6.8*M58/(1+10.2*M58)^(5/3) -> #DIV/0! | N57: =6.8*N58/(1+10.2*N58)^(5/3) -> #DIV/0! | O57: =6.8*O58/(1+10.2*O58)^(5/3) -> #DIV/0! | Q57: ψ_λ | R57: =IF(R56<=10, 0.6+0.042*LN(R56), 0.441+0.111*LN(R56)) -> 0.66383268
B58: q_S | C58: 1.5 | E58: 6 | F58: =G45 | H58: =IF(C29<>"", F58*G58, "") | I58: =IF(C29<>"", F58*G58^2, "") | L58: f_L | M58: =M67*$R$48/$R$50 -> #DIV/0! | N58: =N67*$R$48/$R$50 -> #DIV/0! | O58: =O67*$R$48/$R$50 -> #DIV/0! | Q58: ψ_r | R58: 1
B59: q_design | C59: =C56*C57*C58 -> 3.168 | E59: 7 | F59: =IF(C30<>"", G46, "") | H59: =IF(C30<>"", F59*G59, "") | I59: =IF(C30<>"", F59*G59^2, "") | L59: Ks | M59: =1 / (1+SQRT((M60*M62)^2 + (M61*M63)^2+(2*M60*M61*M62*M63/PI())^2)) -> #DIV/0! | N59: =1 / (1+SQRT((N60*N62)^2 + (N61*N63)^2+(2*N60*N61*N62*N63/PI())^2)) -> #DIV/0! | O59: =1 / (1+SQRT((O60*O62)^2 + (O61*O63)^2+(2*O60*O61*O62*O63/PI())^2)) -> #DIV/0! | Q59: I_v(zs) | R59: =IF(R47<M45, $M$49/($M$48*LN($M$45/$M$44)), $M$49/($M$48*LN(R47/$M$44))) -> 0.43429448
B60: q_disp | C60: =IF(T>=TC, C59, MIN( 1 + (C59-1)*TC/T, 3*C59)) -> 3.168 | E60: 8 | F60: =G47 | H60: =IF(C31<>"", F60*G60, "") | I60: =IF(C31<>"", F60*G60^2, "") | L60: G_y | M60: 0.5 | N60: 0.5 | O60: 0.5
B61: R_q | C61: =IF(T<=TA, C57*C58, IF(T<=TB, C57*C58 + (C59-C57*C58)*(T-TA)/(TB-TA), C59)) -> 3.168 | E61: 9 | F61: =G48 | H61: =IF(C32<>"", F61*G61, "") | I61: =IF(C32<>"", F61*G61^2, "") | L61: G_z | M61: =3/8 -> 0.375 | N61: =3/8 -> 0.375 | O61: =3/8 -> 0.375 | R61: Windward wind pressure calculations
E62: Σ | H62: =SUM(H53:H61) -> 0 | I62: =SUM(I53:I61) -> 0 | L62: φy | M62: =11.5*$R$41*M67/$R$50 -> #DIV/0! | N62: =11.5*$R$41*N67/$R$50 -> #DIV/0! | O62: =11.5*$R$41*O67/$R$50 -> #DIV/0! | R62: z | S62: c_r | T62: v_m [m/s] | U62: I_v | V62: q_p [kPa] | W62: w_e [kPa]
B63: Period est. | C63: 0.8412 | D63: s | L63: φz | M63: =11.5*$R$39*M67/$R$50 -> #DIV/0! | N63: =11.5*$R$39*N67/$R$50 -> #DIV/0! | O63: =11.5*$R$39*O67/$R$50 -> #DIV/0! | Q63: z_b | R63: =R41 -> 24 | S63: =IF(R63<=Loads!$M$45, Loads!$R$37*LN(Loads!$M$45/Loads!$M$44), Loads!$R$37*LN(R63/Loads!$M$44)) -> 0.7447096 | T63: =S63*Loads!$M$48*Loads!$R$38 -> 18.61774 | U63: =IF(R63<Loads!$M$45, Loads!$M$49/(Loads!$M$48*LN(Loads!$M$45/Loads!$M$44)),Loads!$M$49/(Loads!$M$48*LN(R63/Loads!$M$44))) -> 0.31465798 | V63: =(1+7*U63)*0.5*Loads!$M$37*T63^2 / 1000 -> 0.69380501 | W63: =V63*Loads!$R$45 -> 0.5088019
B64: S_e(T) | C64: =IF(T<TA, C44/C47, IF(T<TB, C44/(TA-TB) * (C54*(T-TA) + (TB-T)/C47), IF(T<TC, C54*C44, IF(T<TD, C54*C45*C53/T, C54*TD*C45*C53/T^2)))) -> 0 | D64: g | E64: Period, T1 | F64: =2* SQRT(I62/H62) -> #DIV/0! | G64: s | L64: δ | M64: =$R$52+M65 -> #DIV/0! | N64: =$R$52+N65 -> #DIV/0! | O64: =$R$52+O65 -> #DIV/0! | Q64: z_h | R64: =Loads!$R$39 -> 10.5 | S64: =IF(R64<=Loads!$M$45, Loads!$R$37*LN(Loads!$M$45/Loads!$M$44), Loads!$R$37*LN(R64/Loads!$M$44)) -> 0.55099498 | T64: =S64*Loads!$M$48*Loads!$R$38 -> 13.774875 | U64: =IF(R64<Loads!$M$45, Loads!$M$49/(Loads!$M$48*LN(Loads!$M$45/Loads!$M$44)),Loads!$M$49/(Loads!$M$48*LN(R64/Loads!$M$44))) -> 0.42528303 | V64: =(1+7*U64)*0.5*Loads!$M$37*T64^2 / 1000 -> 0.47163808 | W64: =V64*Loads!$R$45 -> 0.34587579
C65: =C64*C10 -> 0 | D65: m/s² | L65: δa | M65: =$R$53*$M$37*$R$41*$R$50/(2*M67*M66) -> #DIV/0! | N65: =$R$53*$M$37*$R$41*$R$50/(2*N67*N66) -> #DIV/0! | O65: =$R$53*$M$37*$R$41*$R$50/(2*O67*O66) -> #DIV/0!
B66: S_r(T) | C66: =MAX(C64/C61, 0.08*C37) -> 0 | D66: g | L66: me [kg/m] | M66: =SUMPRODUCT(P73:P81,S73:S81)/SUM(S73:S81)*1000 -> 69343.761 | N66: =SUMPRODUCT(P86:P94,S86:S94)/SUM(S86:S94)*1000 -> 67573.974 | O66: =SUMPRODUCT(P99:P107,T99:T107)/SUM(T99:T107)*1000 -> #DIV/0! | R66: Leeward wind pressure calculations
C67: =C66*C10 -> 0 | D67: m/s² | L67: n1,x [Hz ] | M67: =1/(2*SQRT(V82/U82)) -> #DIV/0! | N67: =1/(2*SQRT(V95/U95)) -> #DIV/0! | O67: =1/(2*SQRT(V108/U108)) -> #DIV/0! | R67: z | S67: c_r | T67: v_m [m/s] | U67: I_v | V67: q_p [kPa] | W67: w_e [kPa]
Q68: z_h | R68: =R64 -> 10.5 | S68: =IF(R68<=Loads!$M$45, Loads!$R$37*LN(Loads!$M$45/Loads!$M$44), Loads!$R$37*LN(R68/Loads!$M$44)) -> 0.55099498 | T68: =S68*Loads!$M$48*Loads!$R$38 -> 13.774875 | U68: =IF(R68<Loads!$M$45, Loads!$M$49/(Loads!$M$48*LN(Loads!$M$45/Loads!$M$44)),Loads!$M$49/(Loads!$M$48*LN(R68/Loads!$M$44))) -> 0.42528303 | V68: =(1+7*U68)*0.5*Loads!$M$37*T68^2 / 1000 -> 0.47163808 | W68: =V68*Loads!$R$46 -> -0.1729261
B69: lambda | C69: =IF(AND(T<MIN(2*TC, 1.2),C8 > 2), 0.85, 1) -> 1
B70: V_base | C70: =C69*C66*F49 -> 0 | D70: kN
L71: LC1 - GQWSI
L72: Storey | M72: W_i[kN] | N72: m_i [t] | O72: trib_h [m] | P72: m [t/m] | Q72: si [m] | R72: Φ | S72: Φ² | T72: si² | U72: mi * si | V72: mi * si²
L73: 1 | M73: =IF(C24<>"", $C$3*$C$7*I24, "") -> 1842.75 | N73: =IF(C24<>"", M73/$C$10, "") -> 187.84404 | O73: =IF(C24<>"", (F24+F25)/2, "") -> 3.5 | P73: =IF(C24<>"", N73/O73, "") -> 53.669725 | R73: 0.333 | S73: =IF(C24<>"", R73^2, "") -> 0.110889 | T73: =IF(C24<>"", Q73^2, "") -> 0 | U73: =IF(C24<>"", N73*Q73, "") -> 0 | V73: =IF(C24<>"", N73*Q73^2, "") -> 0
L74: 2 | M74: =IF(C25<>"", $C$3*$C$7*I25, "") -> 1842.75 | N74: =IF(C25<>"", M74/$C$10, "") -> 187.84404 | O74: =IF(C25<>"", (F25+F26)/2, "") -> 3.5 | P74: =IF(C25<>"", N74/O74, "") -> 53.669725 | R74: 0.667 | S74: =IF(C25<>"", R74^2, "") -> 0.444889 | T74: =IF(C25<>"", Q74^2, "") -> 0 | U74: =IF(C25<>"", N74*Q74, "") -> 0 | V74: =IF(C25<>"", N74*Q74^2, "") -> 0
L75: 3 | M75: =IF(C26<>"", $C$3*$C$7*I26, "") -> 1340.01 | N75: =IF(C26<>"", M75/$C$10, "") -> 136.59633 | O75: =IF(C26<>"", (F26+F27)/2, "") -> 1.75 | P75: =IF(C26<>"", N75/O75, "") -> 78.055046 | R75: 1 | S75: =IF(C26<>"", R75^2, "") -> 1 | T75: =IF(C26<>"", Q75^2, "") -> 0 | U75: =IF(C26<>"", N75*Q75, "") -> 0 | V75: =IF(C26<>"", N75*Q75^2, "") -> 0
L76: 4 | M76: =IF(C27<>"", $C$3*$C$7*I27, "") | N76: =IF(C27<>"", M76/$C$10, "") | O76: =IF(C27<>"", (F27+F28)/2, "") | P76: =IF(C27<>"", N76/O76, "") | S76: =IF(C27<>"", R76^2, "") | T76: =IF(C27<>"", Q76^2, "") | U76: =IF(C27<>"", N76*Q76, "") | V76: =IF(C27<>"", N76*Q76^2, "")
L77: 5 | M77: =IF(C28<>"", $C$3*$C$7*I28, "") | N77: =IF(C28<>"", M77/$C$10, "") | O77: =IF(C28<>"", (F28+F29)/2, "") | P77: =IF(C28<>"", N77/O77, "") | S77: =IF(C28<>"", R77^2, "") | T77: =IF(C28<>"", Q77^2, "") | U77: =IF(C28<>"", N77*Q77, "") | V77: =IF(C28<>"", N77*Q77^2, "")
L78: 6 | M78: =IF(C29<>"", $C$3*$C$7*I29, "") | N78: =IF(C29<>"", M78/$C$10, "") | O78: =IF(C29<>"", (F29+F30)/2, "") | P78: =IF(C29<>"", N78/O78, "") | S78: =IF(C29<>"", R78^2, "") | T78: =IF(C29<>"", Q78^2, "") | U78: =IF(C29<>"", N78*Q78, "") | V78: =IF(C29<>"", N78*Q78^2, "")
L79: 7 | M79: =IF(C30<>"", $C$3*$C$7*I30, "") | N79: =IF(C30<>"", M79/$C$10, "") | O79: =IF(C30<>"", (F30+F31)/2, "") | P79: =IF(C30<>"", N79/O79, "") | S79: =IF(C30<>"", R79^2, "") | T79: =IF(C30<>"", Q79^2, "") | U79: =IF(C30<>"", N79*Q79, "") | V79: =IF(C30<>"", N79*Q79^2, "")
L80: 8 | M80: =IF(C31<>"", $C$3*$C$7*I31, "") | N80: =IF(C31<>"", M80/$C$10, "") | O80: =IF(C31<>"", (F31+F32)/2, "") | P80: =IF(C31<>"", N80/O80, "") | S80: =IF(C31<>"", R80^2, "") | T80: =IF(C31<>"", Q80^2, "") | U80: =IF(C31<>"", N80*Q80, "") | V80: =IF(C31<>"", N80*Q80^2, "")
L81: 9 | M81: =IF(C32<>"", $C$3*$C$7*I32, "") | N81: =IF(C32<>"", M81/$C$10, "") | O81: =IF(C32<>"", (F32+F34)/2, "") | P81: =IF(C32<>"", N81/O81, "") | S81: =IF(C32<>"", R81^2, "") | T81: =IF(C32<>"", Q81^2, "") | U81: =IF(C32<>"", N81*Q81, "") | V81: =IF(C32<>"", N81*Q81^2, "")
U82: =SUM(U73:U81) -> 0 | V82: =SUM(V73:V81) -> 0
L84: LC2 - GQWSI
L85: Storey | M85: W_i[kN] | N85: m_i [t] | O85: trib_h [m] | P85: m [t/m] | Q85: si [m] | R85: Φ | S85: Φ² | T85: si² | U85: mi * si | V85: mi * si²
L86: 1 | M86: =IF(C24<>"", $C$3*$C$7*J24, "") -> 1672.65 | N86: =IF(C24<>"", M86/$C$10, "") -> 170.50459 | O86: =IF(C24<>"", O73,"") -> 3.5 | P86: =IF(C24<>"", N86/O86, "") -> 48.715596 | R86: 0.333 | S86: =IF(C24<>"", R86^2, "") -> 0.110889 | T86: =IF(C24<>"", Q86^2, "") -> 0 | U86: =IF(C24<>"", N86*Q86, "") -> 0 | V86: =IF(C24<>"", N86*Q86^2, "") -> 0
L87: 2 | M87: =IF(C25<>"", $C$3*$C$7*J25, "") -> 1672.65 | N87: =IF(C25<>"", M87/$C$10, "") -> 170.50459 | O87: =IF(C25<>"", O74,"") -> 3.5 | P87: =IF(C25<>"", N87/O87, "") -> 48.715596 | R87: 0.667 | S87: =IF(C25<>"", R87^2, "") -> 0.444889 | T87: =IF(C25<>"", Q87^2, "") -> 0 | U87: =IF(C25<>"", N87*Q87, "") -> 0 | V87: =IF(C25<>"", N87*Q87^2, "") -> 0
L88: 3 | M88: =IF(C26<>"", $C$3*$C$7*J26, "") -> 1340.01 | N88: =IF(C26<>"", M88/$C$10, "") -> 136.59633 | O88: =IF(C26<>"", O75,"") -> 1.75 | P88: =IF(C26<>"", N88/O88, "") -> 78.055046 | R88: 1 | S88: =IF(C26<>"", R88^2, "") -> 1 | T88: =IF(C26<>"", Q88^2, "") -> 0 | U88: =IF(C26<>"", N88*Q88, "") -> 0 | V88: =IF(C26<>"", N88*Q88^2, "") -> 0
L89: 4 | M89: =IF(C27<>"", $C$3*$C$7*J27, "") | N89: =IF(C27<>"", M89/$C$10, "") | O89: =IF(C27<>"", O76,"") | P89: =IF(C27<>"", N89/O89, "") | S89: =IF(C27<>"", R89^2, "") | T89: =IF(C27<>"", Q89^2, "") | U89: =IF(C27<>"", N89*Q89, "") | V89: =IF(C27<>"", N89*Q89^2, "")
L90: 5 | M90: =IF(C28<>"", $C$3*$C$7*J28, "") | N90: =IF(C28<>"", M90/$C$10, "") | O90: =IF(C28<>"", O77,"") | P90: =IF(C28<>"", N90/O90, "") | S90: =IF(C28<>"", R90^2, "") | T90: =IF(C28<>"", Q90^2, "") | U90: =IF(C28<>"", N90*Q90, "") | V90: =IF(C28<>"", N90*Q90^2, "")
L91: 6 | M91: =IF(C29<>"", $C$3*$C$7*J29, "") | N91: =IF(C29<>"", M91/$C$10, "") | O91: =IF(C29<>"", O78,"") | P91: =IF(C29<>"", N91/O91, "") | S91: =IF(C29<>"", R91^2, "") | T91: =IF(C29<>"", Q91^2, "") | U91: =IF(C29<>"", N91*Q91, "") | V91: =IF(C29<>"", N91*Q91^2, "")
L92: 7 | M92: =IF(C30<>"", $C$3*$C$7*J30, "") | N92: =IF(C30<>"", M92/$C$10, "") | O92: =IF(C30<>"", O79,"") | P92: =IF(C30<>"", N92/O92, "") | S92: =IF(C30<>"", R92^2, "") | T92: =IF(C30<>"", Q92^2, "") | U92: =IF(C30<>"", N92*Q92, "") | V92: =IF(C30<>"", N92*Q92^2, "")
L93: 8 | M93: =IF(C31<>"", $C$3*$C$7*J31, "") | N93: =IF(C31<>"", M93/$C$10, "") | O93: =IF(C31<>"", O80,"") | P93: =IF(C31<>"", N93/O93, "") | S93: =IF(C31<>"", R93^2, "") | T93: =IF(C31<>"", Q93^2, "") | U93: =IF(C31<>"", N93*Q93, "") | V93: =IF(C31<>"", N93*Q93^2, "")
L94: 9 | M94: =IF(C32<>"", $C$3*$C$7*J32, "") | N94: =IF(C32<>"", M94/$C$10, "") | O94: =IF(C32<>"", O81,"") | P94: =IF(C32<>"", N94/O94, "") | S94: =IF(C32<>"", R94^2, "") | T94: =IF(C32<>"", Q94^2, "") | U94: =IF(C32<>"", N94*Q94, "") | V94: =IF(C32<>"", N94*Q94^2, "")
U95: =SUM(U86:U94) -> 0 | V95: =SUM(V86:V94) -> 0
L97: LC3 - GQWSI
L98: Storey | M98: W_i[kN] | N98: m_i [t] | O98: trib_h [m] | P98: m [t/m] | Q98: si [m] | R98: Φ | S98: Φ² | T98: si² | U98: mi * si | V98: mi * si²
L99: 1 | M99: =IF(C24<>"", $C$3*$C$7*K24, "") -> 1672.65 | N99: =IF(C24<>"", M99/$C$10, "") -> 170.50459 | O99: =IF(C24<>"", O86,"") -> 3.5 | P99: =IF(C24<>"", N99/O99, "") -> 48.715596 | R99: 0.333 | S99: =IF(C24<>"", R99^2, "") -> 0.110889 | T99: =IF(C24<>"", Q99^2, "") -> 0 | U99: =IF(C24<>"", N99*Q99, "") -> 0 | V99: =IF(C24<>"", N99*Q99^2, "") -> 0
L100: 2 | M100: =IF(C25<>"", $C$3*$C$7*K25, "") -> 1672.65 | N100: =IF(C25<>"", M100/$C$10, "") -> 170.50459 | O100: =IF(C25<>"", O87,"") -> 3.5 | P100: =IF(C25<>"", N100/O100, "") -> 48.715596 | R100: 0.667 | S100: =IF(C25<>"", R100^2, "") -> 0.444889 | T100: =IF(C25<>"", Q100^2, "") -> 0 | U100: =IF(C25<>"", N100*Q100, "") -> 0 | V100: =IF(C25<>"", N100*Q100^2, "") -> 0
L101: 3 | M101: =IF(C26<>"", $C$3*$C$7*K26, "") -> 1404.27 | N101: =IF(C26<>"", M101/$C$10, "") -> 143.14679 | O101: =IF(C26<>"", O88,"") -> 1.75 | P101: =IF(C26<>"", N101/O101, "") -> 81.798165 | R101: 1 | S101: =IF(C26<>"", R101^2, "") -> 1 | T101: =IF(C26<>"", Q101^2, "") -> 0 | U101: =IF(C26<>"", N101*Q101, "") -> 0 | V101: =IF(C26<>"", N101*Q101^2, "") -> 0
L102: 4 | M102: =IF(C27<>"", $C$3*$C$7*K27, "") | N102: =IF(C27<>"", M102/$C$10, "") | O102: =IF(C27<>"", O89,"") | P102: =IF(C27<>"", N102/O102, "") | S102: =IF(C27<>"", R102^2, "") | T102: =IF(C27<>"", Q102^2, "") | U102: =IF(C27<>"", N102*Q102, "") | V102: =IF(C27<>"", N102*Q102^2, "")
L103: 5 | M103: =IF(C28<>"", $C$3*$C$7*K28, "") | N103: =IF(C28<>"", M103/$C$10, "") | O103: =IF(C28<>"", O90,"") | P103: =IF(C28<>"", N103/O103, "") | S103: =IF(C28<>"", R103^2, "") | T103: =IF(C28<>"", Q103^2, "") | U103: =IF(C28<>"", N103*Q103, "") | V103: =IF(C28<>"", N103*Q103^2, "")
L104: 6 | M104: =IF(C29<>"", $C$3*$C$7*K29, "") | N104: =IF(C29<>"", M104/$C$10, "") | O104: =IF(C29<>"", O91,"") | P104: =IF(C29<>"", N104/O104, "") | S104: =IF(C29<>"", R104^2, "") | T104: =IF(C29<>"", Q104^2, "") | U104: =IF(C29<>"", N104*Q104, "") | V104: =IF(C29<>"", N104*Q104^2, "")
L105: 7 | M105: =IF(C30<>"", $C$3*$C$7*K30, "") | N105: =IF(C30<>"", M105/$C$10, "") | O105: =IF(C30<>"", O92,"") | P105: =IF(C30<>"", N105/O105, "") | S105: =IF(C30<>"", R105^2, "") | T105: =IF(C30<>"", Q105^2, "") | U105: =IF(C30<>"", N105*Q105, "") | V105: =IF(C30<>"", N105*Q105^2, "")
L106: 8 | M106: =IF(C31<>"", $C$3*$C$7*K31, "") | N106: =IF(C31<>"", M106/$C$10, "") | O106: =IF(C31<>"", O93,"") | P106: =IF(C31<>"", N106/O106, "") | S106: =IF(C31<>"", R106^2, "") | T106: =IF(C31<>"", Q106^2, "") | U106: =IF(C31<>"", N106*Q106, "") | V106: =IF(C31<>"", N106*Q106^2, "")
L107: 9 | M107: =IF(C32<>"", $C$3*$C$7*K32, "") | N107: =IF(C32<>"", M107/$C$10, "") | O107: =IF(C32<>"", O94,"") | P107: =IF(C32<>"", N107/O107, "") | S107: =IF(C32<>"", R107^2, "") | T107: =IF(C32<>"", Q107^2, "") | U107: =IF(C32<>"", N107*Q107, "") | V107: =IF(C32<>"", N107*Q107^2, "")
U108: =SUM(U99:U107) -> 0 | V108: =SUM(V99:V107) -> 0
P109: ΣF kN/m width
...

Sheet Cross Sections and Materials
B3: Beams | P3: Materials
B4: Section | C4: Seciton Class | D4: Mel,Rd [kNcm] | E4: Mpl,Rd [kNcm] | F4: Npl,Rd [kN] | G4: h [cm] | H4: b [cm] | I4: tw [cm] | J4: tf [cm] | K4: A [cm²] | L4: Iy [cm4] | M4: hw [cm] | P4: fy | Q4: 23.5 | R4: kN/cm²
B5: IPE 360 | C5: 2 | D5: 21240 | E5: 23950 | F5: 1709 | G5: 36 | H5: 17 | I5: 0.8 | J5: 1.27 | K5: 72.7 | L5: 16270 | M5: =G5-2*J5 -> 33.46 | P5: E | Q5: 21000 | R5: kN/cm²
P6: γM0 | Q6: 1
B7: Columns | P7: γM1 | Q7: 1.1
B8: Section | C8: h [cm] | D8: b [cm] | E8: tw [cm] | F8: tf [cm] | G8: A [cm²] | H8: Iy [cm4] | I8: i_y [cm] | J8: i_z [cm] | K8: αy | L8: αz | M8: M_pl,Rd [kNcm] | N8: hw [cm] | P8: λ1 | Q8: 93.9
B9: HEB 650 | C9: 65 | D9: 30 | E9: 1.7 | F9: 3.2 | G9: 286.3 | H9: 256900 | I9: 29 | J9: 6.87 | K9: 0.21 | L9: 0.34 | M9: 172020 | N9: =C9-2*F9 -> 58.6 | P9: ωrm | Q9: 1.45
P10: ωsh | Q10: 1.1
B11: Braces
B12: Storey | C12: Section | D12: D [mm] | E12: t [mm] | F12: A [cm²] | G12: i [cm] | H12: Iy [cm4] | I12: α | J12: M_pl,Rd [kNcm]
B13: 1 | C13: CHS 193.7x6 | D13: 193.7 | E13: 6 | F13: 35.38 | G13: 6.64 | H13: 1560 | I13: 0.49 | J13: 4970.3
B14: 2 | C14: CHS 193.7x6 | D14: 193.7 | E14: 6 | F14: 35.38 | G14: 6.64 | H14: 1560 | I14: 0.49 | J14: 4970.3
B15: 3 | C15: CHS 177.8x6.3 | D15: 177.8 | E15: 6.3 | F15: 32.38 | G15: 6.08 | H15: 1196 | I15: 0.49 | J15: 4164.2
B16: 4
B17: 5
B18: 6
B19: 7
B20: 8
B21: 9

Sheet Nonseismic_Design
B3: fy | C3: ='Cross Sections and Materials'!Q4 -> 23.5 | D3: kN/cm²
B4: gamma_M0 | C4: ='Cross Sections and Materials'!Q6 -> 1
B5: gamma_M1 | C5: ='Cross Sections and Materials'!Q7 -> 1.1
B6: λ1 | C6: ='Cross Sections and Materials'!Q8 -> 93.9
B8: Beams
B9: --> The sign for the axial force is reversed so that it corresponds with the opensees code (-ve values at end i are tension, +ve values are compression)
B11: Demands | H11: Verification
B12: Stab | C12: 22 | D12: M_Ed | E12: N_Ed | F12: V_Ed | H12: Section | I12: Mpl,Rd | J12: Npl,Rd | K12: b | L12: tw | M12: tf | N12: A | O12: hw
B13: LC1 | C13: G+Q | D13: 13440 | E13: -30.97 | F13: 0 | H13: ='Cross Sections and Materials'!B5 -> IPE 360 | I13: ='Cross Sections and Materials'!E5 -> 23950 | J13: ='Cross Sections and Materials'!F5 -> 1709 | K13: ='Cross Sections and Materials'!H5 -> 17 | L13: ='Cross Sections and Materials'!I5 -> 0.8 | M13: ='Cross Sections and Materials'!J5 -> 1.27 | N13: ='Cross Sections and Materials'!K5 -> 72.7 | O13: ='Cross Sections and Materials'!M5 -> 33.46
C14: W | D14: 0 | E14: -67.3 | F14: 0
C15: I | I15: M_Ed | J15: N_Ed | K15: M-N int | L15: n | M15: a* | N15: M_N,Rd | O15: ηN | P15: ηM
C16: Σ | D16: =SUM(D13:D15) -> 13440 | E16: =SUM(E13:E15) -> -98.27 | F16: =SUM(F13:F15) -> 0 | H16: LC1 | I16: =D16 -> 13440 | J16: =E16 -> -98.27 | K16: =IF(MIN(0.25*J13, 0.5*O13*L13*$C$3/$C$4) < ABS(J16), "JA", "NEIN") -> NEIN | L16: =IF(K16="JA", ABS(J16)/$J$13, 0) -> 0 | M16: =IF(K16="JA", MIN(($N$13-2*$K$13*$M$13)/$N$13, 0.5), 0) -> 0 | N16: =MIN($I$13, $I$13*(1-L16)/(1-0.5*M16)) -> 23950 | O16: =ABS(J16)/$J$13 -> 0.057501463 | P16: =I16/N16 -> 0.5611691 | Q16: =IF(P16<1,"OK!","NG!") -> OK!
H17: LC2 | I17: =D22 -> 12190 | J17: =E22 -> -140.09 | K17: =IF(MIN(0.25*J13, 0.5*O13*L13*$C$3/$C$4) < ABS(J17), "JA", "NEIN") -> NEIN | L17: =IF(K17="JA", ABS(J17)/$J$13, 0) -> 0 | M17: =IF(K17="JA", MIN(($N$13-2*$K$13*$M$13)/$N$13, 0.5), 0) -> 0 | N17: =MIN($I$13, $I$13*(1-L17)/(1-0.5*M17)) -> 23950 | O17: =ABS(J17)/$J$13 -> 0.081971913 | P17: =I17/N17 -> 0.50897704 | Q17: =IF(P17<1,"OK!","NG!") -> OK!
B18: Stab | C18: 22 | D18: M_Ed | E18: N_Ed | F18: V_Ed
B19: LC2 | C19: G+Q | D19: 12190 | E19: -28.49 | F19: 0
C20: W | D20: 0 | E20: -111.6 | F20: 0
C21: I
C22: Σ | D22: =SUM(D19:D21) -> 12190 | E22: =SUM(E19:E21) -> -140.09 | F22: =SUM(F19:F21) -> 0
B24: Columns
B26: Demands | H26: Verification
B27: Stab | C27: 2 | D27: M_Ed | E27: N_Ed | F27: V_Ed | H27: Section | I27: A [cm²] | J27: i [cm] | K27: α | L27: L [cm] | M27: β | N27: Lcr [cm] | O27: λ_bar | P27: Φ | Q27: χ | R27: Nb,Rd [kN]
B28: LC1 | C28: G+Q | D28: 158 | E28: 1642 | F28: 0 | H28: ='Cross Sections and Materials'!B9 -> HEB 650 | I28: ='Cross Sections and Materials'!G9 -> 286.3 | J28: ='Cross Sections and Materials'!J9 -> 6.87 | K28: ='Cross Sections and Materials'!L9 -> 0.34 | L28: 350 | M28: 1 | N28: =M28*L28 -> 350 | O28: =N28/J28/$C$6 -> 0.54255743 | P28: =0.5*(1+K28*(O28-0.2)+O28^2) -> 0.70541905 | Q28: =MIN(1/(P28+SQRT(P28^2-O28^2)), 1) -> 0.86486576 | R28: =Q28*I28*$C$3/$C$5 -> 5289.8728
C29: W | D29: -1115 | E29: 125.7 | F29: 0
C30: I | I30: N_Ed | J30: η
C31: Σ | D31: =SUM(D28:D30) -> -957 | E31: =SUM(E28:E30) -> 1767.7 | F31: =SUM(F28:F30) -> 0 | H31: LC1 | I31: =E31 -> 1767.7 | J31: =I31/$R$28 -> 0.33416682 | K31: =IF(J31<1,"OK!","NG!") -> OK!
H32: LC2 | I32: =E37 -> 1717.5 | J32: =I32/$R$28 -> 0.32467699 | K32: =IF(J32<1,"OK!","NG!") -> OK!
B33: Stab | C33: 2 | D33: M_Ed | E33: N_Ed | F33: V_Ed
B34: LC2 | C34: G+Q | D34: 145.3 | E34: 1509 | F34: 0 | H34: --> maximum compression force is larger than the maximum tension force.
C35: W | D35: -1849 | E35: 208.5 | F35: 0 | H35: --> The fact that the buckling check passes means that the tension check on the same section will pass as well
C36: I
C37: Σ | D37: =SUM(D34:D36) -> -1703.7 | E37: =SUM(E34:E36) -> 1717.5 | F37: =SUM(F34:F36) -> 0
B39: Braces - L1
B41: Demands | D41: Tension / min. Compression | H41: Demands | J41: max. Compression | N41: Verification
B42: Stab | C42: 30 | D42: M_Ed | E42: N_Ed | F42: V_Ed | H42: Stab | I42: 33 | J42: M_Ed | K42: N_Ed | L42: V_Ed | N42: Section | O42: h [cm] | P42: l [cm] | Q42: A [cm²] | R42: i [cm] | S42: α | T42: L [cm] | U42: Lcr [cm] | V42: λ_bar | W42: Φ | X42: χ | Y42: Npl,Rd [kN] | Z42: Nb,Rd [kN]
B43: LC1 | C43: G+Q | D43: 0 | E43: 39.89 | F43: 0 | H43: LC1 | I43: G+Q | J43: 0 | K43: 39.89 | L43: 0 | N43: ='Cross Sections and Materials'!C13 -> CHS 193.7x6 | O43: 350 | P43: 700 | Q43: ='Cross Sections and Materials'!F13 -> 35.38 | R43: ='Cross Sections and Materials'!G13 -> 6.64 | S43: ='Cross Sections and Materials'!I13 -> 0.49 | T43: =SQRT(O43^2+P43^2) -> 782.62379 | U43: =0.8*T43 -> 626.09903 | V43: =U43/R43/$C$6 -> 1.0041749 | W43: =0.5*(1+S43*(V43-0.2)+V43^2) -> 1.2012065 | X43: =MIN(1/(W43+SQRT(W43^2-V43^2)), 1) -> 0.53752021 | Y43: =Q43*$C$3/$C$4 -> 831.43 | Z43: =X43*Q43*$C$3/$C$5 -> 406.28221
C44: W | D44: 0 | E44: -87.26 | F44: 0 | I44: W | J44: 0 | K44: 86.42 | L44: 0
C45: I | I45: I | O45: Compression | S45: Tension
C46: Σ | D46: =SUM(D43:D45) -> 0 | E46: =SUM(E43:E45) -> -47.37 | F46: =SUM(F43:F45) -> 0 | I46: Σ | J46: =SUM(J43:J45) -> 0 | K46: =SUM(K43:K45) -> 126.31 | L46: =SUM(L43:L45) -> 0 | O46: N_Ed | P46: η | S46: N_Ed | T46: η
N47: LC1 | O47: =K46 -> 126.31 | P47: =O47/$Z$43 -> 0.31089228 | Q47: =IF(P47<1,"OK!","NG!") -> OK! | S47: =ABS(MIN(E46,0)) -> 47.37 | T47: =S47/$Y$43 -> 0.056974129 | U47: =IF(T47<1,"OK!","NG!") -> OK!
B48: Stab | C48: 30 | D48: M_Ed | E48: N_Ed | F48: V_Ed | H48: Stab | I48: 33 | J48: M_Ed | K48: N_Ed | L48: V_Ed | N48: LC2 | O48: =K52 -> 179.96 | P48: =O48/$Z$43 -> 0.44294335 | Q48: =IF(P48<1,"OK!","NG!") -> OK! | S48: =ABS(MIN(E52,0)) -> 107.94 | T48: =S48/$Y$43 -> 0.12982452 | U48: =IF(T48<1,"OK!","NG!") -> OK!
B49: LC2 | C49: G+Q | D49: 0 | E49: 36.66 | F49: 0 | H49: LC2 | I49: G+Q | J49: 0 | K49: 36.66 | L49: 0
C50: W | D50: 0 | E50: -144.6 | F50: 0 | I50: W | J50: 0 | K50: 143.3 | L50: 0 | N50: --> buckling length of the brace assumed to be 80% of the length between the brace end nodes. This follows e8 for gussets allowing out of plane rotation. Conservative for stiffer gussets
C51: I | I51: I
C52: Σ | D52: =SUM(D49:D51) -> 0 | E52: =SUM(E49:E51) -> -107.94 | F52: =SUM(F49:F51) -> 0 | I52: Σ | J52: =SUM(J49:J51) -> 0 | K52: =SUM(K49:K51) -> 179.96 | L52: =SUM(L49:L51) -> 0
B54: Braces - L2
B56: Demands | D56: Tension / min. Compression | H56: Demands | J56: max. Compression | N56: Verification
B57: Stab | C57: 31 | D57: M_Ed | E57: N_Ed | F57: V_Ed | H57: Stab | I57: 34 | J57: M_Ed | K57: N_Ed | L57: V_Ed | N57: Section | O57: h [cm] | P57: l [cm] | Q57: A [cm²] | R57: i [cm] | S57: α | T57: L [cm] | U57: Lcr [cm] | V57: λ_bar | W57: Φ | X57: χ | Y57: Npl,Rd [kN] | Z57: Nb,Rd [kN]
B58: LC1 | C58: G+Q | D58: 0 | E58: 39.03 | F58: 0 | H58: LC1 | I58: G+Q | J58: 0 | K58: 39.03 | L58: 0 | N58: ='Cross Sections and Materials'!C14 -> CHS 193.7x6 | O58: 350 | P58: 700 | Q58: ='Cross Sections and Materials'!F14 -> 35.38 | R58: ='Cross Sections and Materials'!G14 -> 6.64 | S58: ='Cross Sections and Materials'!I14 -> 0.49 | T58: =SQRT(O58^2+P58^2) -> 782.62379 | U58: =0.8*T58 -> 626.09903 | V58: =U58/R58/$C$6 -> 1.0041749 | W58: =0.5*(1+S58*(V58-0.2)+V58^2) -> 1.2012065 | X58: =MIN(1/(W58+SQRT(W58^2-V58^2)), 1) -> 0.53752021 | Y58: =Q58*$C$3/$C$4 -> 831.43 | Z58: =X58*Q58*$C$3/$C$5 -> 406.28221
C59: W | D59: 0 | E59: -67.43 | F59: 0 | I59: W | J59: 0 | K59: 68.59 | L59: 0
C60: I | I60: I | O60: Compression | S60: Tension
C61: Σ | D61: =SUM(D58:D60) -> 0 | E61: =SUM(E58:E60) -> -28.4 | F61: =SUM(F58:F60) -> 0 | I61: Σ | J61: =SUM(J58:J60) -> 0 | K61: =SUM(K58:K60) -> 107.62 | L61: =SUM(L58:L60) -> 0 | O61: N_Ed | P61: η | S61: N_Ed | T61: η
N62: LC1 | O62: =K61 -> 107.62 | P62: =O62/Z58 -> 0.26488977 | Q62: =IF(P62<1,"OK!","NG!") -> OK! | S62: =ABS(MIN(E61,0)) -> 28.4 | T62: =S62/Y58 -> 0.034158017 | U62: =IF(T62<1,"OK!","NG!") -> OK!
B63: Stab | C63: 31 | D63: M_Ed | E63: N_Ed | F63: V_Ed | H63: Stab | I63: 34 | J63: M_Ed | K63: N_Ed | L63: V_Ed | N63: LC2 | O63: =K67 -> 149.61 | P63: =O63/Z58 -> 0.36824158 | Q63: =IF(P63<1,"OK!","NG!") -> OK! | S63: =ABS(MIN(E67,0)) -> 75.89 | T63: =S63/Y58 -> 0.091276475 | U63: =IF(T63<1,"OK!","NG!") -> OK!
B64: LC2 | C64: G+Q | D64: 0 | E64: 35.91 | F64: 0 | H64: LC2 | I64: G+Q | J64: 0 | K64: 35.91 | L64: 0
C65: W | D65: 0 | E65: -111.8 | F65: 0 | I65: W | J65: 0 | K65: 113.7 | L65: 0 | N65: --> buckling length of the brace assumed to be 80% of the length between the brace end nodes. This follows e8 for gussets allowing out of plane rotation. Conservative for stiffer gussets
C66: I | I66: I
C67: Σ | D67: =SUM(D64:D66) -> 0 | E67: =SUM(E64:E66) -> -75.89 | F67: =SUM(F64:F66) -> 0 | I67: Σ | J67: =SUM(J64:J66) -> 0 | K67: =SUM(K64:K66) -> 149.61 | L67: =SUM(L64:L66) -> 0
B69: Braces - L3
B71: Demands | D71: Tension / min. Compression | H71: Demands | J71: max. Compression | N71: Verification
B72: Stab | C72: 32 | D72: M_Ed | E72: N_Ed | F72: V_Ed | H72: Stab | I72: 35 | J72: M_Ed | K72: N_Ed | L72: V_Ed | N72: Section | O72: h [cm] | P72: l [cm] | Q72: A [cm²] | R72: i [cm] | S72: α | T72: L [cm] | U72: Lcr [cm] | V72: λ_bar | W72: Φ | X72: χ | Y72: Npl,Rd [kN] | Z72: Nb,Rd [kN]
B73: LC1 | C73: G+Q | D73: 0 | E73: 38.99 | F73: 0 | H73: LC1 | I73: G+Q | J73: 0 | K73: 38.99 | L73: 0 | N73: ='Cross Sections and Materials'!C15 -> CHS 177.8x6.3 | O73: 350 | P73: 700 | Q73: ='Cross Sections and Materials'!F15 -> 32.38 | R73: ='Cross Sections and Materials'!G15 -> 6.08 | S73: ='Cross Sections and Materials'!I15 -> 0.49 | T73: =SQRT(O73^2+P73^2) -> 782.62379 | U73: =0.8*T73 -> 626.09903 | V73: =U73/R73/$C$6 -> 1.0966647 | W73: =0.5*(1+S73*(V73-0.2)+V73^2) -> 1.3210196 | X73: =MIN(1/(W73+SQRT(W73^2-V73^2)), 1) -> 0.48602419 | Y73: =Q73*$C$3/$C$4 -> 760.93 | Z73: =X73*Q73*$C$3/$C$5 -> 336.20944
C74: W | D74: 0 | E74: -56.11 | F74: 0 | I74: W | J74: 0 | K74: 57.65 | L74: 0
C75: I | I75: I | O75: Compression | S75: Tension
C76: Σ | D76: =SUM(D73:D75) -> 0 | E76: =SUM(E73:E75) -> -17.12 | F76: =SUM(F73:F75) -> 0 | I76: Σ | J76: =SUM(J73:J75) -> 0 | K76: =SUM(K73:K75) -> 96.64 | L76: =SUM(L73:L75) -> 0 | O76: N_Ed | P76: η | S76: N_Ed | T76: η
N77: LC1 | O77: =K76 -> 96.64 | P77: =O77/Z73 -> 0.28743987 | Q77: =IF(P77<1,"OK!","NG!") -> OK! | S77: =ABS(MIN(E76,0)) -> 17.12 | T77: =S77/Y73 -> 0.022498784 | U77: =IF(T77<1,"OK!","NG!") -> OK!
B78: Stab | C78: 32 | D78: M_Ed | E78: N_Ed | F78: V_Ed | H78: Stab | I78: 35 | J78: M_Ed | K78: N_Ed | L78: V_Ed | N78: LC2 | O78: =K82 -> 131.48 | P78: =O78/Z73 -> 0.39106576 | Q78: =IF(P78<1,"OK!","NG!") -> OK! | S78: =ABS(MIN(E82,0)) -> 57.08 | T78: =S78/Y73 -> 0.07501347 | U78: =IF(T78<1,"OK!","NG!") -> OK!
B79: LC2 | C79: G+Q | D79: 0 | E79: 35.94 | F79: 0 | H79: LC2 | I79: G+Q | J79: 0 | K79: 35.94 | L79: 0
C80: W | D80: 0 | E80: -93.02 | F80: 0 | I80: W | J80: 0 | K80: 95.54 | L80: 0 | N80: --> buckling length of the brace assumed to be 80% of the length between the brace end nodes. This follows e8 for gussets allowing out of plane rotation. Conservative for stiffer gussets
C81: I | I81: I
C82: Σ | D82: =SUM(D79:D81) -> 0 | E82: =SUM(E79:E81) -> -57.08 | F82: =SUM(F79:F81) -> 0 | I82: Σ | J82: =SUM(J79:J81) -> 0 | K82: =SUM(K79:K81) -> 131.48 | L82: =SUM(L79:L81) -> 0
