Workbook
Name T: Loads!$C$63
Name TA: Loads!$C$49
Name TB: Loads!$C$50
Name TC: Loads!$C$51
Name TD: Loads!$C$52

Sheet Loads
B2: General Building Geometry
B3: Building Width | C3: 21 | D3: m
B4: Building Depth | C4: 24 | D4: m
B5: Beam Trib width | C5: 1.5 | D5: m | E5: <-- tributary width for beam UDL for gravity loads
B6: Frame Trib width | C6: 3 | D6: m | E6: <-- tributary width for gravity loads
B7: Lateral Trib width | C7: 6 | D7: m | E7: <-- tributary width for seismic mass / lateral loads
B8: No. Storeys | C8: =COUNT(C24:C32) -> 9
B10: g | C10: =9.81 -> 9.81 | D10: m/s²
B12: Partial Safety Factors and Combination Factors
C13: G | D13: Q | E13: W | F13: S | G13: I
B14: γ | C14: 1.35 | D14: 1.5 | E14: 1.5 | F14: 1.5
B15: ψ0 | D15: 0.7 | E15: 0.6 | F15: 0.5
B16: ψ1 | D16: 0.5 | E16: 0.2 | F16: 0.2
B17: ψ2 | D17: 0.3 | E17: 0 | F17: 0
B18: φ | D18: 1
B19: ψE | D19: =D18*D17 -> 0.3
B21: Floor Loads | S21: Snow Loads --> EC1-3:2010
I22: Floor Loads [kPa] | N22: Beam UDLs [kN/m]
B23: Storey | C23: G [kPa] | D23: Q [kPa] | E23: S [kPa] | F23: hi [m] | G23: Hi [m] | I23: LC1 - GQWSI | J23: LC2 - GQWSI | K23: LC3 - GQWSI | L23: LC4 - GQEI | N23: GQWSI | O23: GWQSI | P23: GSQWI | Q23: GQEI | S23: Ground snow load | T23: sk | U23: 0.85 | V23: kPa
B24: 1 | C24: 7.5 | D24: 3 | E24: =IF(C24<>"", IF(G24=MAX($G$24:$G$32), $U$29, 0), "") -> 0 | F24: 3.5 | G24: =IF(C24<>"", SUM($F$24:F24), "") -> 3.5 | I24: =IF(C24<>"", $C$14*C24+$D$14*D24+$F$14*$F$15*E24, "") -> 14.625 | J24: =IF(C24<>"", $C$14*C24 + $D$14*$D$15*D24 + $F$14*$F$15*E24, "") -> 13.275 | K24: =IF(C24<>"", $C$14*C24 + $D$14*$D$15*D24 + $F$14*E24, "") -> 13.275 | L24: =IF(C24<>"", C24+$D$19*D24, "") -> 8.4 | N24: =IF(C24<>"", I24*$C$5, "") -> 21.9375 | O24: =IF(C24<>"", J24*$C$5, "") -> 19.9125 | P24: =IF(C24<>"", K24*$C$5, "") -> 19.9125 | Q24: =IF(C24<>"", L24*$C$5, "") -> 12.6 | S24: Roof slope | T24: α | U24: 4 | V24: °
B25: 2 | C25: 7.5 | D25: 3 | E25: =IF(C25<>"", IF(G25=MAX($G$24:$G$32), $U$29, 0), "") -> 0 | F25: 3.5 | G25: =IF(C25<>"", SUM($F$24:F25), "") -> 7 | I25: =IF(C25<>"", $C$14*C25+$D$14*D25+$F$14*$F$15*E25, "") -> 14.625 | J25: =IF(C25<>"", $C$14*C25 + $D$14*$D$15*D25 + $F$14*$F$15*E25, "") -> 13.275 | K25: =IF(C25<>"", $C$14*C25 + $D$14*$D$15*D25 + $F$14*E25, "") -> 13.275 | L25: =IF(C25<>"", C25+$D$19*D25, "") -> 8.4 | N25: =IF(C25<>"", I25*$C$5, "") -> 21.9375 | O25: =IF(C25<>"", J25*$C$5, "") -> 19.9125 | P25: =IF(C25<>"", K25*$C$5, "") -> 19.9125 | Q25: =IF(C25<>"", L25*$C$5, "") -> 12.6 | T25: Ce | U25: 1
B26: 3 | C26: 7.5 | D26: 3 | E26: =IF(C26<>"", IF(G26=MAX($G$24:$G$32), $U$29, 0), "") -> 0 | F26: 3.5 | G26: =IF(C26<>"", SUM($F$24:F26), "") -> 10.5 | I26: =IF(C26<>"", $C$14*C26+$D$14*D26+$F$14*$F$15*E26, "") -> 14.625 | J26: =IF(C26<>"", $C$14*C26 + $D$14*$D$15*D26 + $F$14*$F$15*E26, "") -> 13.275 | K26: =IF(C26<>"", $C$14*C26 + $D$14*$D$15*D26 + $F$14*E26, "") -> 13.275 | L26: =IF(C26<>"", C26+$D$19*D26, "") -> 8.4 | N26: =IF(C26<>"", I26*$C$5, "") -> 21.9375 | O26: =IF(C26<>"", J26*$C$5, "") -> 19.9125 | P26: =IF(C26<>"", K26*$C$5, "") -> 19.9125 | Q26: =IF(C26<>"", L26*$C$5, "") -> 12.6 | T26: Ct | U26: 1
B27: 4 | C27: 7.5 | D27: 3 | E27: =IF(C27<>"", IF(G27=MAX($G$24:$G$32), $U$29, 0), "") -> 0 | F27: 3.5 | G27: =IF(C27<>"", SUM($F$24:F27), "") -> 14 | I27: =IF(C27<>"", $C$14*C27+$D$14*D27+$F$14*$F$15*E27, "") -> 14.625 | J27: =IF(C27<>"", $C$14*C27 + $D$14*$D$15*D27 + $F$14*$F$15*E27, "") -> 13.275 | K27: =IF(C27<>"", $C$14*C27 + $D$14*$D$15*D27 + $F$14*E27, "") -> 13.275 | L27: =IF(C27<>"", C27+$D$19*D27, "") -> 8.4 | N27: =IF(C27<>"", I27*$C$5, "") -> 21.9375 | O27: =IF(C27<>"", J27*$C$5, "") -> 19.9125 | P27: =IF(C27<>"", K27*$C$5, "") -> 19.9125 | Q27: =IF(C27<>"", L27*$C$5, "") -> 12.6
B28: 5 | C28: 7.5 | D28: 3 | E28: =IF(C28<>"", IF(G28=MAX($G$24:$G$32), $U$29, 0), "") -> 0 | F28: 3.5 | G28: =IF(C28<>"", SUM($F$24:F28), "") -> 17.5 | I28: =IF(C28<>"", $C$14*C28+$D$14*D28+$F$14*$F$15*E28, "") -> 14.625 | J28: =IF(C28<>"", $C$14*C28 + $D$14*$D$15*D28 + $F$14*$F$15*E28, "") -> 13.275 | K28: =IF(C28<>"", $C$14*C28 + $D$14*$D$15*D28 + $F$14*E28, "") -> 13.275 | L28: =IF(C28<>"", C28+$D$19*D28, "") -> 8.4 | N28: =IF(C28<>"", I28*$C$5, "") -> 21.9375 | O28: =IF(C28<>"", J28*$C$5, "") -> 19.9125 | P28: =IF(C28<>"", K28*$C$5, "") -> 19.9125 | Q28: =IF(C28<>"", L28*$C$5, "") -> 12.6 | S28: Shape factor | T28: μ1 | U28: =IF(U24<30, 0.8, IF(U24<60, 0.8*(60-U24)/30, 0)) -> 0.8 | V28: kPa
B29: 6 | C29: 7.5 | D29: 3 | E29: =IF(C29<>"", IF(G29=MAX($G$24:$G$32), $U$29, 0), "") -> 0 | F29: 3.5 | G29: =IF(C29<>"", SUM($F$24:F29), "") -> 21 | I29: =IF(C29<>"", $C$14*C29+$D$14*D29+$F$14*$F$15*E29, "") -> 14.625 | J29: =IF(C29<>"", $C$14*C29 + $D$14*$D$15*D29 + $F$14*$F$15*E29, "") -> 13.275 | K29: =IF(C29<>"", $C$14*C29 + $D$14*$D$15*D29 + $F$14*E29, "") -> 13.275 | L29: =IF(C29<>"", C29+$D$19*D29, "") -> 8.4 | N29: =IF(C29<>"", I29*$C$5, "") -> 21.9375 | O29: =IF(C29<>"", J29*$C$5, "") -> 19.9125 | P29: =IF(C29<>"", K29*$C$5, "") -> 19.9125 | Q29: =IF(C29<>"", L29*$C$5, "") -> 12.6 | S29: Roof snow load | T29: s | U29: =U28*U25*U26*U23 -> 0.68 | V29: kPa
B30: 7 | C30: 7.5 | D30: 3 | E30: =IF(C30<>"", IF(G30=MAX($G$24:$G$32), $U$29, 0), "") -> 0 | F30: 3.5 | G30: =IF(C30<>"", SUM($F$24:F30), "") -> 24.5 | I30: =IF(C30<>"", $C$14*C30+$D$14*D30+$F$14*$F$15*E30, "") -> 14.625 | J30: =IF(C30<>"", $C$14*C30 + $D$14*$D$15*D30 + $F$14*$F$15*E30, "") -> 13.275 | K30: =IF(C30<>"", $C$14*C30 + $D$14*$D$15*D30 + $F$14*E30, "") -> 13.275 | L30: =IF(C30<>"", C30+$D$19*D30, "") -> 8.4 | N30: =IF(C30<>"", I30*$C$5, "") -> 21.9375 | O30: =IF(C30<>"", J30*$C$5, "") -> 19.9125 | P30: =IF(C30<>"", K30*$C$5, "") -> 19.9125 | Q30: =IF(C30<>"", L30*$C$5, "") -> 12.6
B31: 8 | C31: 7.5 | D31: 3 | E31: =IF(C31<>"", IF(G31=MAX($G$24:$G$32), $U$29, 0), "") -> 0 | F31: 3.5 | G31: =IF(C31<>"", SUM($F$24:F31), "") -> 28 | I31: =IF(C31<>"", $C$14*C31+$D$14*D31+$F$14*$F$15*E31, "") -> 14.625 | J31: =IF(C31<>"", $C$14*C31 + $D$14*$D$15*D31 + $F$14*$F$15*E31, "") -> 13.275 | K31: =IF(C31<>"", $C$14*C31 + $D$14*$D$15*D31 + $F$14*E31, "") -> 13.275 | L31: =IF(C31<>"", C31+$D$19*D31, "") -> 8.4 | N31: =IF(C31<>"", I31*$C$5, "") -> 21.9375 | O31: =IF(C31<>"", J31*$C$5, "") -> 19.9125 | P31: =IF(C31<>"", K31*$C$5, "") -> 19.9125 | Q31: =IF(C31<>"", L31*$C$5, "") -> 12.6
B32: 9 | C32: 7.5 | D32: 0 | E32: =IF(C32<>"", IF(G32=MAX($G$24:$G$32), $U$29, 0), "") -> 0.68 | F32: 3.5 | G32: =IF(C32<>"", SUM($F$24:F32), "") -> 31.5 | I32: =IF(C32<>"", $C$14*C32+$D$14*D32+$F$14*$F$15*E32, "") -> 10.635 | J32: =IF(C32<>"", $C$14*C32 + $D$14*$D$15*D32 + $F$14*$F$15*E32, "") -> 10.635 | K32: =IF(C32<>"", $C$14*C32 + $D$14*$D$15*D32 + $F$14*E32, "") -> 11.145 | L32: =IF(C32<>"", C32+$D$19*D32, "") -> 7.5 | N32: =IF(C32<>"", I32*$C$5, "") -> 15.9525 | O32: =IF(C32<>"", J32*$C$5, "") -> 15.9525 | P32: =IF(C32<>"", K32*$C$5, "") -> 16.7175 | Q32: =IF(C32<>"", L32*$C$5, "") -> 11.25
B36: Seismic Loads --> EC8-1-1:2022 | L36: Wind Loads --> EC1-4:2010
B37: S_alpha_475 | C37: 0 | D37: g | L37: ρ | M37: 1.25 | N37: kg/m³ | Q37: k_r | R37: =0.19*(M44/0.05)^0.07 -> 0.23432882
B38: S_beta_475 | C38: =0.3*C37 -> 0 | D38: g | L38: Windzone | M38: 2 | Q38: v_b | R38: =M39*M41*M42 -> 25 | S38: m/s
B39: Soil Class | C39: C | E39: Storey | F39: W_i [kN] | G39: m_i [t] | I39: mi * Hi | J39: F_i [kN] | L39: v_b0 | M39: 25 | N39: m/s | Q39: h | R39: =SUM(F24:F32) -> 31.5 | S39: m | T39: <-- check this is the correct height
B40: FT | C40: 1 | E40: 1 | F40: =IF(C24<>"", L24*$C$3*$C$7, "") -> 1058.4 | G40: =IF(C24<>"", F40/$C$10, "") -> 107.88991 | I40: =IF(C24<>"", G40*G24, "") -> 377.61468 | J40: =IF(C24<>"", $C$70 * I40/$I$49, "") -> 0 | L40: q_b0 | M40: 0.39 | N40: m/s | Q40: d | R40: =C3 -> 21 | S40: m
B41: F_alpha | C41: =1.6*(1-0.2*C37) -> 1.6 | E41: 2 | F41: =IF(C25<>"", L25*$C$3*$C$7, "") -> 1058.4 | G41: =IF(C25<>"", F41/$C$10, "") -> 107.88991 | I41: =IF(C25<>"", G41*G25, "") -> 755.22936 | J41: =IF(C25<>"", $C$70 * I41/$I$49, "") -> 0 | L41: c_dir | M41: 1 | Q41: b | R41: =C4 -> 24 | S41: m
B42: F_beta | C42: =2.3*(1-0.3*C38) -> 2.3 | E42: 3 | F42: =IF(C26<>"", L26*$C$3*$C$7, "") -> 1058.4 | G42: =IF(C26<>"", F42/$C$10, "") -> 107.88991 | I42: =IF(C26<>"", G42*G26, "") -> 1132.844 | J42: =IF(C26<>"", $C$70 * I42/$I$49, "") -> 0 | L42: c_season | M42: 1 | Q42: h/d | R42: =R39/R40 -> 1.5
E43: 4 | F43: =IF(C27<>"", L27*$C$3*$C$7, "") -> 1058.4 | G43: =IF(C27<>"", F43/$C$10, "") -> 107.88991 | I43: =IF(C27<>"", G43*G27, "") -> 1510.4587 | J43: =IF(C27<>"", $C$70 * I43/$I$49, "") -> 0 | L43: Terrain Cat. | M43: 2 | Q43: d/b | R43: =R40/R41 -> 0.875
B44: Sα | C44: =C40*C41*C37 -> 0 | E44: 5 | F44: =IF(C28<>"", L28*$C$3*$C$7, "") -> 1058.4 | G44: =IF(C28<>"", F44/$C$10, "") -> 107.88991 | I44: =IF(C28<>"", G44*G28, "") -> 1888.0734 | J44: =IF(C28<>"", $C$70 * I44/$I$49, "") -> 0 | L44: z_0 | M44: 1 | N44: m | Q44: h/b | R44: =R39/R41 -> 1.3125
B45: Sϐ | C45: =C40*C42*C38 -> 0 | E45: 6 | F45: =IF(C29<>"", L29*$C$3*$C$7, "") -> 1058.4 | G45: =IF(C29<>"", F45/$C$10, "") -> 107.88991 | I45: =IF(C29<>"", G45*G29, "") -> 2265.6881 | J45: =IF(C29<>"", $C$70 * I45/$I$49, "") -> 0 | L45: z_min | M45: 10 | N45: m | Q45: c_pe_wind | R45: =IF(R42>=1, 0.8, IF(AND(R42<1, R42>0.25), 0.8-0.1333*R42, 0.7)) -> 0.8
E46: 7 | F46: =IF(C30<>"", L30*$C$3*$C$7, "") -> 1058.4 | G46: =IF(C30<>"", F46/$C$10, "") -> 107.88991 | I46: =IF(C30<>"", G46*G30, "") -> 2643.3028 | J46: =IF(C30<>"", $C$70 * I46/$I$49, "") -> 0 | L46: alpha | M46: =0.67+0.05*LN(M44) -> 0.67 | Q46: c_pe_lee | R46: =IF(R42>5, -0.7, IF(AND(R42>1, R42<=5), -0.7+0.05*(5-R42), IF(AND(R42>0.25, R42<=1), -0.5+0.2667*(1-R42), -0.3))) -> -0.525
B47: F_A | C47: 2.5 | E47: 8 | F47: =IF(C31<>"", L31*$C$3*$C$7, "") -> 1058.4 | G47: =IF(C31<>"", F47/$C$10, "") -> 107.88991 | I47: =IF(C31<>"", G47*G31, "") -> 3020.9174 | J47: =IF(C31<>"", $C$70 * I47/$I$49, "") -> 0 | L47: Topography | M47: Flat | Q47: zs | R47: =MAX(0.6*R39, M45) -> 18.9 | S47: m
B48: χ | C48: 4 | E48: 9 | F48: =IF(C32<>"", L32*$C$3*$C$7, "") -> 945 | G48: =IF(C32<>"", F48/$C$10, "") -> 96.330275 | I48: =IF(C32<>"", G48*G32, "") -> 3034.4037 | J48: =IF(C32<>"", $C$70 * I48/$I$49, "") -> 0 | L48: c_0 | M48: 1 | Q48: L(z) | R48: =IF(R47>M45,300*(R47/200)^M46, 300*(M45/200)^M46) -> 61.753356
B49: T_A | C49: 0.02 | E49: Σ | F49: =SUM(F40:F48) -> 9412.2 | G49: =SUM(G40:G48) -> 959.44954 | I49: =SUM(I40:I48) -> 16628.532 | J49: =SUM(J40:J48) -> 0 | L49: k_I | M49: 1 | Q49: c_r(zs) | R49: =IF(R47<=$M$45, $R$37*LN($M$45/$M$44), $R$37*LN(R47/$M$44)) -> 0.68873034
B50: T_B | C50: =IF((C51/C48) < 0.05, C51/C48, IF((C51/C48) < 0.01, 0.05, 0.1)) -> 0 | Q50: vm(zs) | R50: =R49*$M$48*$R$38 -> 17.218258 | S50: m/s
B51: T_C | C51: =IF(C37=0, 0, C45/C44 * C53) -> 0 | E51: --> Period Check: ec8-1-2:2023 §5.3.3(3) | M51: LC1 | N51: LC2 | O51: LC3 | Q51: B² | R51: =1 / (1+3/2*SQRT((C4/R48)^2 + (R39/R48)^2 + (C4*R39/R48^2)^2)) -> 0.49829737
B52: T_D | C52: =IF(C38*C10 <= 1, 2, 1+C38) -> 2 | E52: Storey | F52: m_i [t] | G52: si [m] | H52: mi * si | I52: mi * si² | L52: cscd | M52: =IF($R$39<15, 1, (1+2*M54*$R$59*SQRT($R$51+M56))/(1+7*$R$59)) -> #DIV/0! | N52: =IF($R$39<15, 1, (1+2*N54*$R$59*SQRT($R$51+N56))/(1+7*$R$59)) -> #DIV/0! | O52: =IF($R$39<15, 1, (1+2*O54*$R$59*SQRT($R$51+O56))/(1+7*$R$59)) -> #DIV/0! | Q52: δs | R52: 0.05
B53: T_β | C53: 1 | E53: 1 | F53: =IF(C24<>"", G40, "") -> 107.88991 | H53: =IF(C24<>"", F53*G53, "") -> 0 | I53: =IF(C24<>"", F53*G53^2, "") -> 0 | Q53: cf | R53: =R54*R57*R58 -> 1.4211387
B54: eta | C54: 1 | E54: 2 | F54: =G41 -> 107.88991 | H54: =IF(C25<>"", F54*G54, "") -> 0 | I54: =IF(C25<>"", F54*G54^2, "") -> 0 | L54: kp | M54: =MAX(3, SQRT(2*LN(M55*600))+0.6/(SQRT(2*LN(M55*600)))) -> #DIV/0! | N54: =MAX(3, SQRT(2*LN(N55*600))+0.6/(SQRT(2*LN(N55*600)))) -> #DIV/0! | O54: =MAX(3, SQRT(2*LN(O55*600))+0.6/(SQRT(2*LN(O55*600)))) -> #DIV/0! | Q54: cf,0 | R54: =IF(R43<=0.2, 2, IF(R43<=0.7, 0.3193*LN(R43)+2.5139, IF(R43<=5, -0.7121*LN(R43)+2.146, IF(R43<=10, -0.1443*LN(R43)+1.2322, 0.9)))) -> 2.2410877
B55: q_max | C55: 4 | E55: 3 | F55: =G42 -> 107.88991 | H55: =IF(C26<>"", F55*G55, "") -> 0 | I55: =IF(C26<>"", F55*G55^2, "") -> 0 | L55: ν [Hz] | M55: =MAX(M67*SQRT(M56/($R$51+M56)), 0.08) -> #DIV/0! | N55: =MAX(N67*SQRT(N56/($R$51+N56)), 0.08) -> #DIV/0! | O55: =MAX(O67*SQRT(O56/($R$51+O56)), 0.08) -> #DIV/0! | Q55: l/b | R55: =MAX(R39,R41)/MIN(R39,R41) -> 1.3125
B56: q_d | C56: 1.92 | E56: 4 | F56: =IF(C27<>"", G43, "") -> 107.88991 | H56: =IF(C27<>"", F56*G56, "") -> 0 | I56: =IF(C27<>"", F56*G56^2, "") -> 0 | L56: R² | M56: =PI()^2/(2*M64)*M57*M59 -> #DIV/0! | N56: =PI()^2/(2*N64)*N57*N59 -> #DIV/0! | O56: =PI()^2/(2*O64)*O57*O59 -> #DIV/0! | Q56: λ | R56: =IF(R39>=50, 1.4*R55, IF(R39<15, 2*R55, (2 - 3/175*(R39-15))*R55)) -> 2.25375
B57: q_R | C57: 1.1 | E57: 5 | F57: =G44 -> 107.88991 | H57: =IF(C28<>"", F57*G57, "") -> 0 | I57: =IF(C28<>"", F57*G57^2, "") -> 0 | L57: SL | M57: =6.8*M58/(1+10.2*M58)^(5/3) -> #DIV/0! | N57: =6.8*N58/(1+10.2*N58)^(5/3) -> #DIV/0! | O57: =6.8*O58/(1+10.2*O58)^(5/3) -> #DIV/0! | Q57: ψ_λ | R57: =IF(R56<=10, 0.6+0.042*LN(R56), 0.441+0.111*LN(R56)) -> 0.63412901
B58: q_S | C58: 1.5 | E58: 6 | F58: =G45 -> 107.88991 | H58: =IF(C29<>"", F58*G58, "") -> 0 | I58: =IF(C29<>"", F58*G58^2, "") -> 0 | L58: f_L | M58: =M67*$R$48/$R$50 -> #DIV/0! | N58: =N67*$R$48/$R$50 -> #DIV/0! | O58: =O67*$R$48/$R$50 -> #DIV/0! | Q58: ψ_r | R58: 1
B59: q_design | C59: =C56*C57*C58 -> 3.168 | E59: 7 | F59: =IF(C30<>"", G46, "") -> 107.88991 | H59: =IF(C30<>"", F59*G59, "") -> 0 | I59: =IF(C30<>"", F59*G59^2, "") -> 0 | L59: Ks | M59: =1 / (1+SQRT((M60*M62)^2 + (M61*M63)^2+(2*M60*M61*M62*M63/PI())^2)) -> #DIV/0! | N59: =1 / (1+SQRT((N60*N62)^2 + (N61*N63)^2+(2*N60*N61*N62*N63/PI())^2)) -> #DIV/0! | O59: =1 / (1+SQRT((O60*O62)^2 + (O61*O63)^2+(2*O60*O61*O62*O63/PI())^2)) -> #DIV/0! | Q59: I_v(zs) | R59: =IF(R47<M45, $M$49/($M$48*LN($M$45/$M$44)), $M$49/($M$48*LN(R47/$M$44))) -> 0.34023304
B60: q_disp | C60: =IF(T>=TC, C59, MIN( 1 + (C59-1)*TC/T, 3*C59)) -> 3.168 | E60: 8 | F60: =G47 -> 107.88991 | H60: =IF(C31<>"", F60*G60, "") -> 0 | I60: =IF(C31<>"", F60*G60^2, "") -> 0 | L60: G_y | M60: 0.5 | N60: 0.5 | O60: 0.5
B61: R_q | C61: =IF(T<=TA, C57*C58, IF(T<=TB, C57*C58 + (C59-C57*C58)*(T-TA)/(TB-TA), C59)) -> 3.168 | E61: 9 | F61: =G48 -> 96.330275 | H61: =IF(C32<>"", F61*G61, "") -> 0 | I61: =IF(C32<>"", F61*G61^2, "") -> 0 | L61: G_z | M61: =3/8 -> 0.375 | N61: =3/8 -> 0.375 | O61: =3/8 -> 0.375 | R61: Windward wind pressure calculations
E62: Σ | H62: =SUM(H53:H61) -> 0 | I62: =SUM(I53:I61) -> 0 | L62: φy | M62: =11.5*$R$41*M67/$R$50 -> #DIV/0! | N62: =11.5*$R$41*N67/$R$50 -> #DIV/0! | O62: =11.5*$R$41*O67/$R$50 -> #DIV/0! | R62: z | S62: c_r | T62: v_m [m/s] | U62: I_v | V62: q_p [kPa] | W62: w_e [kPa]
B63: Period est. | C63: 0.8412 | D63: s | L63: φz | M63: =11.5*$R$39*M67/$R$50 -> #DIV/0! | N63: =11.5*$R$39*N67/$R$50 -> #DIV/0! | O63: =11.5*$R$39*O67/$R$50 -> #DIV/0! | Q63: z_b | R63: =R41 -> 24 | S63: =IF(R63<=Loads!$M$45, Loads!$R$37*LN(Loads!$M$45/Loads!$M$44), Loads!$R$37*LN(R63/Loads!$M$44)) -> 0.7447096 | T63: =S63*Loads!$M$48*Loads!$R$38 -> 18.61774 | U63: =IF(R63<Loads!$M$45, Loads!$M$49/(Loads!$M$48*LN(Loads!$M$45/Loads!$M$44)),Loads!$M$49/(Loads!$M$48*LN(R63/Loads!$M$44))) -> 0.31465798 | V63: =(1+7*U63)*0.5*Loads!$M$37*T63^2 / 1000 -> 0.69380501 | W63: =V63*Loads!$R$45 -> 0.555044
B64: S_e(T) | C64: =IF(T<TA, C44/C47, IF(T<TB, C44/(TA-TB) * (C54*(T-TA) + (TB-T)/C47), IF(T<TC, C54*C44, IF(T<TD, C54*C45*C53/T, C54*TD*C45*C53/T^2)))) -> 0 | D64: g | E64: Period, T1 | F64: =2* SQRT(I62/H62) -> #DIV/0! | G64: s | L64: δ | M64: =$R$52+M65 -> #DIV/0! | N64: =$R$52+N65 -> #DIV/0! | O64: =$R$52+O65 -> #DIV/0! | Q64: z_h | R64: =Loads!$R$39 -> 31.5 | S64: =IF(R64<=Loads!$M$45, Loads!$R$37*LN(Loads!$M$45/Loads!$M$44), Loads!$R$37*LN(R64/Loads!$M$44)) -> 0.8084315 | T64: =S64*Loads!$M$48*Loads!$R$38 -> 20.210788 | U64: =IF(R64<Loads!$M$45, Loads!$M$49/(Loads!$M$48*LN(Loads!$M$45/Loads!$M$44)),Loads!$M$49/(Loads!$M$48*LN(R64/Loads!$M$44))) -> 0.28985612 | V64: =(1+7*U64)*0.5*Loads!$M$37*T64^2 / 1000 -> 0.77329417 | W64: =V64*Loads!$R$45 -> 0.61863534
C65: =C64*C10 -> 0 | D65: m/s² | L65: δa | M65: =$R$53*$M$37*$R$41*$R$50/(2*M67*M66) -> #DIV/0! | N65: =$R$53*$M$37*$R$41*$R$50/(2*N67*N66) -> #DIV/0! | O65: =$R$53*$M$37*$R$41*$R$50/(2*O67*O66) -> #DIV/0!
B66: S_r(T) | C66: =MAX(C64/C61, 0.08*C37) -> 0 | D66: g | L66: me [kg/m] | M66: =SUMPRODUCT(P73:P81,S73:S81)/SUM(S73:S81)*1000 -> 60607.019 | N66: =SUMPRODUCT(P86:P94,S86:S94)/SUM(S86:S94)*1000 -> 57062.274 | O66: =SUMPRODUCT(P99:P107,T99:T107)/SUM(T99:T107)*1000 -> #DIV/0! | R66: Leeward wind pressure calculations
C67: =C66*C10 -> 0 | D67: m/s² | L67: n1,x [Hz ] | M67: =1/(2*SQRT(V82/U82)) -> #DIV/0! | N67: =1/(2*SQRT(V95/U95)) -> #DIV/0! | O67: =1/(2*SQRT(V108/U108)) -> #DIV/0! | R67: z | S67: c_r | T67: v_m [m/s] | U67: I_v | V67: q_p [kPa] | W67: w_e [kPa]
Q68: z_h | R68: =R64 -> 31.5 | S68: =IF(R68<=Loads!$M$45, Loads!$R$37*LN(Loads!$M$45/Loads!$M$44), Loads!$R$37*LN(R68/Loads!$M$44)) -> 0.8084315 | T68: =S68*Loads!$M$48*Loads!$R$38 -> 20.210788 | U68: =IF(R68<Loads!$M$45, Loads!$M$49/(Loads!$M$48*LN(Loads!$M$45/Loads!$M$44)),Loads!$M$49/(Loads!$M$48*LN(R68/Loads!$M$44))) -> 0.28985612 | V68: =(1+7*U68)*0.5*Loads!$M$37*T68^2 / 1000 -> 0.77329417 | W68: =V68*Loads!$R$46 -> -0.40597944
B69: lambda | C69: =IF(AND(T<MIN(2*TC, 1.2),C8 > 2), 0.85, 1) -> 1
B70: V_base | C70: =C69*C66*F49 -> 0 | D70: kN
L71: LC1 - GQWSI
L72: Storey | M72: W_i[kN] | N72: m_i [t] | O72: trib_h [m] | P72: m [t/m] | Q72: si [m] | R72: Φ | S72: Φ² | T72: si² | U72: mi * si | V72: mi * si²
L73: 1 | M73: =IF(C24<>"", $C$3*$C$7*I24, "") -> 1842.75 | N73: =IF(C24<>"", M73/$C$10, "") -> 187.84404 | O73: =IF(C24<>"", (F24+F25)/2, "") -> 3.5 | P73: =IF(C24<>"", N73/O73, "") -> 53.669725 | R73: 0.111 | S73: =IF(C24<>"", R73^2, "") -> 0.012321 | T73: =IF(C24<>"", Q73^2, "") -> 0 | U73: =IF(C24<>"", N73*Q73, "") -> 0 | V73: =IF(C24<>"", N73*Q73^2, "") -> 0
L74: 2 | M74: =IF(C25<>"", $C$3*$C$7*I25, "") -> 1842.75 | N74: =IF(C25<>"", M74/$C$10, "") -> 187.84404 | O74: =IF(C25<>"", (F25+F26)/2, "") -> 3.5 | P74: =IF(C25<>"", N74/O74, "") -> 53.669725 | R74: 0.222 | S74: =IF(C25<>"", R74^2, "") -> 0.049284 | T74: =IF(C25<>"", Q74^2, "") -> 0 | U74: =IF(C25<>"", N74*Q74, "") -> 0 | V74: =IF(C25<>"", N74*Q74^2, "") -> 0
L75: 3 | M75: =IF(C26<>"", $C$3*$C$7*I26, "") -> 1842.75 | N75: =IF(C26<>"", M75/$C$10, "") -> 187.84404 | O75: =IF(C26<>"", (F26+F27)/2, "") -> 3.5 | P75: =IF(C26<>"", N75/O75, "") -> 53.669725 | R75: 0.3333 | S75: =IF(C26<>"", R75^2, "") -> 0.11108889 | T75: =IF(C26<>"", Q75^2, "") -> 0 | U75: =IF(C26<>"", N75*Q75, "") -> 0 | V75: =IF(C26<>"", N75*Q75^2, "") -> 0
L76: 4 | M76: =IF(C27<>"", $C$3*$C$7*I27, "") -> 1842.75 | N76: =IF(C27<>"", M76/$C$10, "") -> 187.84404 | O76: =IF(C27<>"", (F27+F28)/2, "") -> 3.5 | P76: =IF(C27<>"", N76/O76, "") -> 53.669725 | R76: 0.444 | S76: =IF(C27<>"", R76^2, "") -> 0.197136 | T76: =IF(C27<>"", Q76^2, "") -> 0 | U76: =IF(C27<>"", N76*Q76, "") -> 0 | V76: =IF(C27<>"", N76*Q76^2, "") -> 0
L77: 5 | M77: =IF(C28<>"", $C$3*$C$7*I28, "") -> 1842.75 | N77: =IF(C28<>"", M77/$C$10, "") -> 187.84404 | O77: =IF(C28<>"", (F28+F29)/2, "") -> 3.5 | P77: =IF(C28<>"", N77/O77, "") -> 53.669725 | R77: 0.555 | S77: =IF(C28<>"", R77^2, "") -> 0.308025 | T77: =IF(C28<>"", Q77^2, "") -> 0 | U77: =IF(C28<>"", N77*Q77, "") -> 0 | V77: =IF(C28<>"", N77*Q77^2, "") -> 0
L78: 6 | M78: =IF(C29<>"", $C$3*$C$7*I29, "") -> 1842.75 | N78: =IF(C29<>"", M78/$C$10, "") -> 187.84404 | O78: =IF(C29<>"", (F29+F30)/2, "") -> 3.5 | P78: =IF(C29<>"", N78/O78, "") -> 53.669725 | R78: 0.666 | S78: =IF(C29<>"", R78^2, "") -> 0.443556 | T78: =IF(C29<>"", Q78^2, "") -> 0 | U78: =IF(C29<>"", N78*Q78, "") -> 0 | V78: =IF(C29<>"", N78*Q78^2, "") -> 0
L79: 7 | M79: =IF(C30<>"", $C$3*$C$7*I30, "") -> 1842.75 | N79: =IF(C30<>"", M79/$C$10, "") -> 187.84404 | O79: =IF(C30<>"", (F30+F31)/2, "") -> 3.5 | P79: =IF(C30<>"", N79/O79, "") -> 53.669725 | R79: 0.777 | S79: =IF(C30<>"", R79^2, "") -> 0.603729 | T79: =IF(C30<>"", Q79^2, "") -> 0 | U79: =IF(C30<>"", N79*Q79, "") -> 0 | V79: =IF(C30<>"", N79*Q79^2, "") -> 0
L80: 8 | M80: =IF(C31<>"", $C$3*$C$7*I31, "") -> 1842.75 | N80: =IF(C31<>"", M80/$C$10, "") -> 187.84404 | O80: =IF(C31<>"", (F31+F32)/2, "") -> 3.5 | P80: =IF(C31<>"", N80/O80, "") -> 53.669725 | R80: 0.8888 | S80: =IF(C31<>"", R80^2, "") -> 0.78996544 | T80: =IF(C31<>"", Q80^2, "") -> 0 | U80: =IF(C31<>"", N80*Q80, "") -> 0 | V80: =IF(C31<>"", N80*Q80^2, "") -> 0
L81: 9 | M81: =IF(C32<>"", $C$3*$C$7*I32, "") -> 1340.01 | N81: =IF(C32<>"", M81/$C$10, "") -> 136.59633 | O81: =IF(C32<>"", (F32+F34)/2, "") -> 1.75 | P81: =IF(C32<>"", N81/O81, "") -> 78.055046 | R81: 1 | S81: =IF(C32<>"", R81^2, "") -> 1 | T81: =IF(C32<>"", Q81^2, "") -> 0 | U81: =IF(C32<>"", N81*Q81, "") -> 0 | V81: =IF(C32<>"", N81*Q81^2, "") -> 0
U82: =SUM(U73:U81) -> 0 | V82: =SUM(V73:V81) -> 0
L84: LC2 - GQWSI
L85: Storey | M85: W_i[kN] | N85: m_i [t] | O85: trib_h [m] | P85: m [t/m] | Q85: si [m] | R85: Φ | S85: Φ² | T85: si² | U85: mi * si | V85: mi * si²
L86: 1 | M86: =IF(C24<>"", $C$3*$C$7*J24, "") -> 1672.65 | N86: =IF(C24<>"", M86/$C$10, "") -> 170.50459 | O86: =IF(C24<>"", O73,"") -> 3.5 | P86: =IF(C24<>"", N86/O86, "") -> 48.715596 | R86: 0.111 | S86: =IF(C24<>"", R86^2, "") -> 0.012321 | T86: =IF(C24<>"", Q86^2, "") -> 0 | U86: =IF(C24<>"", N86*Q86, "") -> 0 | V86: =IF(C24<>"", N86*Q86^2, "") -> 0
L87: 2 | M87: =IF(C25<>"", $C$3*$C$7*J25, "") -> 1672.65 | N87: =IF(C25<>"", M87/$C$10, "") -> 170.50459 | O87: =IF(C25<>"", O74,"") -> 3.5 | P87: =IF(C25<>"", N87/O87, "") -> 48.715596 | R87: 0.222 | S87: =IF(C25<>"", R87^2, "") -> 0.049284 | T87: =IF(C25<>"", Q87^2, "") -> 0 | U87: =IF(C25<>"", N87*Q87, "") -> 0 | V87: =IF(C25<>"", N87*Q87^2, "") -> 0
L88: 3 | M88: =IF(C26<>"", $C$3*$C$7*J26, "") -> 1672.65 | N88: =IF(C26<>"", M88/$C$10, "") -> 170.50459 | O88: =IF(C26<>"", O75,"") -> 3.5 | P88: =IF(C26<>"", N88/O88, "") -> 48.715596 | R88: 0.3333 | S88: =IF(C26<>"", R88^2, "") -> 0.11108889 | T88: =IF(C26<>"", Q88^2, "") -> 0 | U88: =IF(C26<>"", N88*Q88, "") -> 0 | V88: =IF(C26<>"", N88*Q88^2, "") -> 0
L89: 4 | M89: =IF(C27<>"", $C$3*$C$7*J27, "") -> 1672.65 | N89: =IF(C27<>"", M89/$C$10, "") -> 170.50459 | O89: =IF(C27<>"", O76,"") -> 3.5 | P89: =IF(C27<>"", N89/O89, "") -> 48.715596 | R89: 0.444 | S89: =IF(C27<>"", R89^2, "") -> 0.197136 | T89: =IF(C27<>"", Q89^2, "") -> 0 | U89: =IF(C27<>"", N89*Q89, "") -> 0 | V89: =IF(C27<>"", N89*Q89^2, "") -> 0
L90: 5 | M90: =IF(C28<>"", $C$3*$C$7*J28, "") -> 1672.65 | N90: =IF(C28<>"", M90/$C$10, "") -> 170.50459 | O90: =IF(C28<>"", O77,"") -> 3.5 | P90: =IF(C28<>"", N90/O90, "") -> 48.715596 | R90: 0.555 | S90: =IF(C28<>"", R90^2, "") -> 0.308025 | T90: =IF(C28<>"", Q90^2, "") -> 0 | U90: =IF(C28<>"", N90*Q90, "") -> 0 | V90: =IF(C28<>"", N90*Q90^2, "") -> 0
L91: 6 | M91: =IF(C29<>"", $C$3*$C$7*J29, "") -> 1672.65 | N91: =IF(C29<>"", M91/$C$10, "") -> 170.50459 | O91: =IF(C29<>"", O78,"") -> 3.5 | P91: =IF(C29<>"", N91/O91, "") -> 48.715596 | R91: 0.666 | S91: =IF(C29<>"", R91^2, "") -> 0.443556 | T91: =IF(C29<>"", Q91^2, "") -> 0 | U91: =IF(C29<>"", N91*Q91, "") -> 0 | V91: =IF(C29<>"", N91*Q91^2, "") -> 0
L92: 7 | M92: =IF(C30<>"", $C$3*$C$7*J30, "") -> 1672.65 | N92: =IF(C30<>"", M92/$C$10, "") -> 170.50459 | O92: =IF(C30<>"", O79,"") -> 3.5 | P92: =IF(C30<>"", N92/O92, "") -> 48.715596 | R92: 0.777 | S92: =IF(C30<>"", R92^2, "") -> 0.603729 | T92: =IF(C30<>"", Q92^2, "") -> 0 | U92: =IF(C30<>"", N92*Q92, "") -> 0 | V92: =IF(C30<>"", N92*Q92^2, "") -> 0
L93: 8 | M93: =IF(C31<>"", $C$3*$C$7*J31, "") -> 1672.65 | N93: =IF(C31<>"", M93/$C$10, "") -> 170.50459 | O93: =IF(C31<>"", O80,"") -> 3.5 | P93: =IF(C31<>"", N93/O93, "") -> 48.715596 | R93: 0.8888 | S93: =IF(C31<>"", R93^2, "") -> 0.78996544 | T93: =IF(C31<>"", Q93^2, "") -> 0 | U93: =IF(C31<>"", N93*Q93, "") -> 0 | V93: =IF(C31<>"", N93*Q93^2, "") -> 0
L94: 9 | M94: =IF(C32<>"", $C$3*$C$7*J32, "") -> 1340.01 | N94: =IF(C32<>"", M94/$C$10, "") -> 136.59633 | O94: =IF(C32<>"", O81,"") -> 1.75 | P94: =IF(C32<>"", N94/O94, "") -> 78.055046 | R94: 1 | S94: =IF(C32<>"", R94^2, "") -> 1 | T94: =IF(C32<>"", Q94^2, "") -> 0 | U94: =IF(C32<>"", N94*Q94, "") -> 0 | V94: =IF(C32<>"", N94*Q94^2, "") -> 0
U95: =SUM(U86:U94) -> 0 | V95: =SUM(V86:V94) -> 0
L97: LC3 - GQWSI
L98: Storey | M98: W_i[kN] | N98: m_i [t] | O98: trib_h [m] | P98: m [t/m] | Q98: si [m] | R98: Φ | S98: Φ² | T98: si² | U98: mi * si | V98: mi * si²
L99: 1 | M99: =IF(C24<>"", $C$3*$C$7*K24, "") -> 1672.65 | N99: =IF(C24<>"", M99/$C$10, "") -> 170.50459 | O99: =IF(C24<>"", O86,"") -> 3.5 | P99: =IF(C24<>"", N99/O99, "") -> 48.715596 | R99: 0.111 | S99: =IF(C24<>"", R99^2, "") -> 0.012321 | T99: =IF(C24<>"", Q99^2, "") -> 0 | U99: =IF(C24<>"", N99*Q99, "") -> 0 | V99: =IF(C24<>"", N99*Q99^2, "") -> 0
L100: 2 | M100: =IF(C25<>"", $C$3*$C$7*K25, "") -> 1672.65 | N100: =IF(C25<>"", M100/$C$10, "") -> 170.50459 | O100: =IF(C25<>"", O87,"") -> 3.5 | P100: =IF(C25<>"", N100/O100, "") -> 48.715596 | R100: 0.222 | S100: =IF(C25<>"", R100^2, "") -> 0.049284 | T100: =IF(C25<>"", Q100^2, "") -> 0 | U100: =IF(C25<>"", N100*Q100, "") -> 0 | V100: =IF(C25<>"", N100*Q100^2, "") -> 0
L101: 3 | M101: =IF(C26<>"", $C$3*$C$7*K26, "") -> 1672.65 | N101: =IF(C26<>"", M101/$C$10, "") -> 170.50459 | O101: =IF(C26<>"", O88,"") -> 3.5 | P101: =IF(C26<>"", N101/O101, "") -> 48.715596 | R101: 0.3333 | S101: =IF(C26<>"", R101^2, "") -> 0.11108889 | T101: =IF(C26<>"", Q101^2, "") -> 0 | U101: =IF(C26<>"", N101*Q101, "") -> 0 | V101: =IF(C26<>"", N101*Q101^2, "") -> 0
L102: 4 | M102: =IF(C27<>"", $C$3*$C$7*K27, "") -> 1672.65 | N102: =IF(C27<>"", M102/$C$10, "") -> 170.50459 | O102: =IF(C27<>"", O89,"") -> 3.5 | P102: =IF(C27<>"", N102/O102, "") -> 48.715596 | R102: 0.444 | S102: =IF(C27<>"", R102^2, "") -> 0.197136 | T102: =IF(C27<>"", Q102^2, "") -> 0 | U102: =IF(C27<>"", N102*Q102, "") -> 0 | V102: =IF(C27<>"", N102*Q102^2, "") -> 0
L103: 5 | M103: =IF(C28<>"", $C$3*$C$7*K28, "") -> 1672.65 | N103: =IF(C28<>"", M103/$C$10, "") -> 170.50459 | O103: =IF(C28<>"", O90,"") -> 3.5 | P103: =IF(C28<>"", N103/O103, "") -> 48.715596 | R103: 0.555 | S103: =IF(C28<>"", R103^2, "") -> 0.308025 | T103: =IF(C28<>"", Q103^2, "") -> 0 | U103: =IF(C28<>"", N103*Q103, "") -> 0 | V103: =IF(C28<>"", N103*Q103^2, "") -> 0
L104: 6 | M104: =IF(C29<>"", $C$3*$C$7*K29, "") -> 1672.65 | N104: =IF(C29<>"", M104/$C$10, "") -> 170.50459 | O104: =IF(C29<>"", O91,"") -> 3.5 | P104: =IF(C29<>"", N104/O104, "") -> 48.715596 | R104: 0.666 | S104: =IF(C29<>"", R104^2, "") -> 0.443556 | T104: =IF(C29<>"", Q104^2, "") -> 0 | U104: =IF(C29<>"", N104*Q104, "") -> 0 | V104: =IF(C29<>"", N104*Q104^2, "") -> 0
L105: 7 | M105: =IF(C30<>"", $C$3*$C$7*K30, "") -> 1672.65 | N105: =IF(C30<>"", M105/$C$10, "") -> 170.50459 | O105: =IF(C30<>"", O92,"") -> 3.5 | P105: =IF(C30<>"", N105/O105, "") -> 48.715596 | R105: 0.777 | S105: =IF(C30<>"", R105^2, "") -> 0.603729 | T105: =IF(C30<>"", Q105^2, "") -> 0 | U105: =IF(C30<>"", N105*Q105, "") -> 0 | V105: =IF(C30<>"", N105*Q105^2, "") -> 0
L106: 8 | M106: =IF(C31<>"", $C$3*$C$7*K31, "") -> 1672.65 | N106: =IF(C31<>"", M106/$C$10, "") -> 170.50459 | O106: =IF(C31<>"", O93,"") -> 3.5 | P106: =IF(C31<>"", N106/O106, "") -> 48.715596 | R106: 0.8888 | S106: =IF(C31<>"", R106^2, "") -> 0.78996544 | T106: =IF(C31<>"", Q106^2, "") -> 0 | U106: =IF(C31<>"", N106*Q106, "") -> 0 | V106: =IF(C31<>"", N106*Q106^2, "") -> 0
L107: 9 | M107: =IF(C32<>"", $C$3*$C$7*K32, "") -> 1404.27 | N107: =IF(C32<>"", M107/$C$10, "") -> 143.14679 | O107: =IF(C32<>"", O94,"") -> 1.75 | P107: =IF(C32<>"", N107/O107, "") -> 81.798165 | R107: 1 | S107: =IF(C32<>"", R107^2, "") -> 1 | T107: =IF(C32<>"", Q107^2, "") -> 0 | U107: =IF(C32<>"", N107*Q107, "") -> 0 | V107: =IF(C32<>"", N107*Q107^2, "") -> 0
U108: =SUM(U99:U107) -> 0 | V108: =SUM(V99:V107) -> 0
P109: ΣF kN/m width
...

Sheet Cross Sections and Materials
B3: Beams | P3: Materials
B4: Section | C4: Seciton Class | D4: Mel,Rd [kNcm] | E4: Mpl,Rd [kNcm] | F4: Npl,Rd [kN] | G4: h [cm] | H4: b [cm] | I4: tw [cm] | J4: tf [cm] | K4: A [cm²] | L4: Iy [cm4] | M4: hw [cm] | P4: fy | Q4: 23.5 | R4: kN/cm²
B5: IPE 360 | C5: 2 | D5: 21240 | E5: 23950 | F5: 1709 | G5: 36 | H5: 17 | I5: 0.8 | J5: 1.27 | K5: 72.7 | L5: 16270 | M5: =G5-2*J5 -> 33.46 | P5: E | Q5: 21000 | R5: kN/cm²
P6: γM0 | Q6: 1
B7: Columns | P7: γM1 | Q7: 1.1
B8: Section | C8: h [cm] | D8: b [cm] | E8: tw [cm] | F8: tf [cm] | G8: A [cm²] | H8: Iy [cm4] | I8: i_y [cm] | J8: i_z [cm] | K8: αy | L8: αz | M8: M_pl,Rd [kNcm] | N8: hw [cm] | P8: λ1 | Q8: 93.9
B9: HEB 650 | C9: 65 | D9: 30 | E9: 1.7 | F9: 3.2 | G9: 286.3 | H9: 256900 | I9: 29 | J9: 6.87 | K9: 0.21 | L9: 0.34 | M9: 172020 | N9: =C9-2*F9 -> 58.6 | P9: ωrm | Q9: 1.45
P10: ωsh | Q10: 1.1
B11: Braces
B12: Storey | C12: Section | D12: D [mm] | E12: t [mm] | F12: A [cm²] | G12: i [cm] | H12: Iy [cm4] | I12: α | J12: M_pl,Rd [kNcm]
B13: 1 | C13: CHS 193.7x6 | D13: 193.7 | E13: 6 | F13: 35.38 | G13: 6.64 | H13: 1560 | I13: 0.49 | J13: 4970.3
B14: 2 | C14: CHS 193.7x6 | D14: 193.7 | E14: 6 | F14: 35.38 | G14: 6.64 | H14: 1560 | I14: 0.49 | J14: 4970.3
B15: 3 | C15: CHS 177.8x6.3 | D15: 177.8 | E15: 6.3 | F15: 32.38 | G15: 6.08 | H15: 1196 | I15: 0.49 | J15: 4164.2
B16: 4
B17: 5
B18: 6
B19: 7
B20: 8
B21: 9
